"nsec","co2_ppm","date"
3938478000,435.25,"2024-10-21 05:40:00"
3938478300,435.35,"2024-10-21 05:45:00"
3938478600,435.35,"2024-10-21 05:50:00"
3938478900,435.21000000000004,"2024-10-21 05:55:00"
3938479200,435.34000000000003,"2024-10-21 06:00:00"
3938479500,436.92,"2024-10-21 06:05:00"
3938479800,438.29,"2024-10-21 06:10:00"
3938480100,437.94,"2024-10-21 06:15:00"
3938480400,438.03000000000003,"2024-10-21 06:20:00"
3938480700,437.45,"2024-10-21 06:25:00"
3938481000,437.39,"2024-10-21 06:30:00"
3938481300,438.02,"2024-10-21 06:35:00"
3938481600,439.18,"2024-10-21 06:40:00"
3938481900,439.85,"2024-10-21 06:45:00"
3938482200,439.15000000000003,"2024-10-21 06:50:00"
3938482500,439.62,"2024-10-21 06:55:00"
3938482800,443.23,"2024-10-21 07:00:00"
3938483100,440.61,"2024-10-21 07:05:00"
3938483400,440.73,"2024-10-21 07:10:00"
3938483700,441.33,"2024-10-21 07:15:00"
3938484000,442.94,"2024-10-21 07:20:00"
3938484300,444.39,"2024-10-21 07:25:00"
3938484600,443.26,"2024-10-21 07:30:00"
3938484900,441.87,"2024-10-21 07:35:00"
3938485200,441.63,"2024-10-21 07:40:00"
3938485500,442.,"2024-10-21 07:45:00"
3938485800,442.94,"2024-10-21 07:50:00"
3938486100,441.45,"2024-10-21 07:55:00"
3938486400,441.7,"2024-10-21 08:00:00"
3938486700,440.52,"2024-10-21 08:05:00"
3938487000,440.01,"2024-10-21 08:10:00"
3938487300,440.73,"2024-10-21 08:15:00"
3938487600,440.55,"2024-10-21 08:20:00"
3938487900,442.09000000000003,"2024-10-21 08:25:00"
3938488200,443.51,"2024-10-21 08:30:00"
3938488500,442.55,"2024-10-21 08:35:00"
3938488800,441.74,"2024-10-21 08:40:00"
3938489100,440.16,"2024-10-21 08:45:00"
3938489400,439.31,"2024-10-21 08:50:00"
3938489700,439.01,"2024-10-21 08:55:00"
3938490000,440.69,"2024-10-21 09:00:00"
3938490300,440.38,"2024-10-21 09:05:00"
3938490600,439.95,"2024-10-21 09:10:00"
3938490900,439.26,"2024-10-21 09:15:00"
3938491200,440.32,"2024-10-21 09:20:00"
3938491500,440.04,"2024-10-21 09:25:00"
3938491800,438.25,"2024-10-21 09:30:00"
3938492100,439.34000000000003,"2024-10-21 09:35:00"
3938492400,440.17,"2024-10-21 09:40:00"
3938492700,440.65000000000003,"2024-10-21 09:45:00"
3938493000,438.53000000000003,"2024-10-21 09:50:00"
3938493300,437.40000000000003,"2024-10-21 09:55:00"
3938493600,437.44,"2024-10-21 10:00:00"
3938493900,437.04,"2024-10-21 10:05:00"
3938494200,437.99,"2024-10-21 10:10:00"
3938494500,440.42,"2024-10-21 10:15:00"
3938494800,437.72,"2024-10-21 10:20:00"
3938495100,436.68,"2024-10-21 10:25:00"
3938495400,435.6,"2024-10-21 10:30:00"
3938495700,436.31,"2024-10-21 10:35:00"
3938496000,437.32,"2024-10-21 10:40:00"
3938496300,437.44,"2024-10-21 10:45:00"
3938496600,438.63,"2024-10-21 10:50:00"
3938496900,437.58,"2024-10-21 10:55:00"
3938497200,436.75,"2024-10-21 11:00:00"
3938497500,436.46000000000004,"2024-10-21 11:05:00"
3938497800,435.11,"2024-10-21 11:10:00"
3938498100,436.25,"2024-10-21 11:15:00"
3938498400,434.98,"2024-10-21 11:20:00"
3938498700,434.18,"2024-10-21 11:25:00"
3938499000,434.49,"2024-10-21 11:30:00"
3938499300,434.43,"2024-10-21 11:35:00"
3938499600,437.46000000000004,"2024-10-21 11:40:00"
3938499900,437.84000000000003,"2024-10-21 11:45:00"
3938500200,438.89,"2024-10-21 11:50:00"
3938500500,438.74,"2024-10-21 11:55:00"
3938500800,438.68,"2024-10-21 12:00:00"
3938501100,437.38,"2024-10-21 12:05:00"
3938501400,435.22,"2024-10-21 12:10:00"
3938501700,434.03000000000003,"2024-10-21 12:15:00"
3938502000,434.77,"2024-10-21 12:20:00"
3938502300,435.23,"2024-10-21 12:25:00"
3938502600,435.25,"2024-10-21 12:30:00"
3938502900,436.5,"2024-10-21 12:35:00"
3938503200,436.5,"2024-10-21 12:40:00"
3938503500,436.42,"2024-10-21 12:45:00"
3938503800,438.32,"2024-10-21 12:50:00"
3938504100,438.28000000000003,"2024-10-21 12:55:00"
3938504400,440.11,"2024-10-21 13:00:00"
3938504700,441.40000000000003,"2024-10-21 13:05:00"
3938505000,440.88,"2024-10-21 13:10:00"
3938505300,439.45,"2024-10-21 13:15:00"
3938505600,439.59000000000003,"2024-10-21 13:20:00"
3938505900,439.44,"2024-10-21 13:25:00"
3938506200,439.35,"2024-10-21 13:30:00"
3938506500,439.03000000000003,"2024-10-21 13:35:00"
3938506800,439.14,"2024-10-21 13:40:00"
3938507100,439.5,"2024-10-21 13:45:00"
3938507400,439.56,"2024-10-21 13:50:00"
3938507700,439.34000000000003,"2024-10-21 13:55:00"
3938508000,438.74,"2024-10-21 14:00:00"
3938508300,440.62,"2024-10-21 14:05:00"
3938508600,446.75,"2024-10-21 14:10:00"
3938508900,446.47,"2024-10-21 14:15:00"
3938509200,443.57,"2024-10-21 14:20:00"
3938509500,441.66,"2024-10-21 14:25:00"
3938509800,441.45,"2024-10-21 14:30:00"
3938510100,440.99,"2024-10-21 14:35:00"
3938510400,440.89,"2024-10-21 14:40:00"
3938510700,441.68,"2024-10-21 14:45:00"
3938511000,441.71000000000004,"2024-10-21 14:50:00"
3938511300,441.39,"2024-10-21 14:55:00"
3938511600,442.01,"2024-10-21 15:00:00"
3938511900,442.62,"2024-10-21 15:05:00"
3938512200,443.5,"2024-10-21 15:10:00"
3938512500,446.41,"2024-10-21 15:15:00"
3938512800,447.94,"2024-10-21 15:20:00"
3938513100,447.57,"2024-10-21 15:25:00"
3938513400,445.69,"2024-10-21 15:30:00"
3938513700,443.74,"2024-10-21 15:35:00"
3938514000,443.43,"2024-10-21 15:40:00"
3938514300,444.29,"2024-10-21 15:45:00"
3938514600,445.06,"2024-10-21 15:50:00"
3938514900,445.92,"2024-10-21 15:55:00"
3938515200,446.66,"2024-10-21 16:00:00"
3938515500,446.13,"2024-10-21 16:05:00"
3938515800,445.95,"2024-10-21 16:10:00"
3938516100,445.66,"2024-10-21 16:15:00"
3938516400,446.06,"2024-10-21 16:20:00"
3938516700,447.56,"2024-10-21 16:25:00"
3938517000,448.28000000000003,"2024-10-21 16:30:00"
3938517300,448.2,"2024-10-21 16:35:00"
3938517600,447.61,"2024-10-21 16:40:00"
3938517900,447.36,"2024-10-21 16:45:00"
3938518200,447.29,"2024-10-21 16:50:00"
3938518500,447.36,"2024-10-21 16:55:00"
3938518800,447.29,"2024-10-21 17:00:00"
3938519100,447.75,"2024-10-21 17:05:00"
3938519400,447.88,"2024-10-21 17:10:00"
3938519700,448.25,"2024-10-21 17:15:00"
3938520000,448.93,"2024-10-21 17:20:00"
3938520300,454.41,"2024-10-21 17:25:00"
3938520600,452.87,"2024-10-21 17:30:00"
3938520900,453.01,"2024-10-21 17:35:00"
3938521200,453.68,"2024-10-21 17:40:00"
3938521500,454.63,"2024-10-21 17:45:00"
3938521800,453.13,"2024-10-21 17:50:00"
3938522100,452.03000000000003,"2024-10-21 17:55:00"
3938522400,451.76,"2024-10-21 18:00:00"
3938522700,451.76,"2024-10-21 18:05:00"
3938523000,451.58,"2024-10-21 18:10:00"
3938523300,452.05,"2024-10-21 18:15:00"
3938523600,452.24,"2024-10-21 18:20:00"
3938523900,451.98,"2024-10-21 18:25:00"
3938524200,452.83,"2024-10-21 18:30:00"
3938524500,454.59000000000003,"2024-10-21 18:35:00"
3938524800,454.2,"2024-10-21 18:40:00"
3938525100,454.73,"2024-10-21 18:45:00"
3938525400,455.74,"2024-10-21 18:50:00"
3938525700,455.8,"2024-10-21 18:55:00"
3938526000,454.49,"2024-10-21 19:00:00"
3938526300,453.09000000000003,"2024-10-21 19:05:00"
3938526600,452.67,"2024-10-21 19:10:00"
3938526900,452.55,"2024-10-21 19:15:00"
3938527200,452.58,"2024-10-21 19:20:00"
3938527500,452.76,"2024-10-21 19:25:00"
3938527800,454.49,"2024-10-21 19:30:00"
3938528100,457.58,"2024-10-21 19:35:00"
3938528400,463.18,"2024-10-21 19:40:00"
3938528700,459.54,"2024-10-21 19:45:00"
3938529000,456.13,"2024-10-21 19:50:00"
3938529300,456.96000000000004,"2024-10-21 19:55:00"
3938529600,457.14,"2024-10-21 20:00:00"
3938529900,459.73,"2024-10-21 20:05:00"
3938530200,459.56,"2024-10-21 20:10:00"
3938530500,460.7,"2024-10-21 20:15:00"
3938530800,460.78000000000003,"2024-10-21 20:20:00"
3938531100,459.18,"2024-10-21 20:25:00"
3938531400,458.84000000000003,"2024-10-21 20:30:00"
3938531700,458.89,"2024-10-21 20:35:00"
3938532000,456.06,"2024-10-21 20:40:00"
3938532300,454.79,"2024-10-21 20:45:00"
3938532600,455.21000000000004,"2024-10-21 20:50:00"
3938532900,453.33,"2024-10-21 20:55:00"
3938533200,450.62,"2024-10-21 21:00:00"
3938533500,452.53000000000003,"2024-10-21 21:05:00"
3938533800,458.01,"2024-10-21 21:10:00"
3938534100,457.28000000000003,"2024-10-21 21:15:00"
3938534400,456.07,"2024-10-21 21:20:00"
3938534700,454.73,"2024-10-21 21:25:00"
3938535000,454.07,"2024-10-21 21:30:00"
3938535300,455.02,"2024-10-21 21:35:00"
3938535600,452.02,"2024-10-21 21:40:00"
3938535900,451.09000000000003,"2024-10-21 21:45:00"
3938536200,450.66,"2024-10-21 21:50:00"
3938536500,451.18,"2024-10-21 21:55:00"
3938536800,449.93,"2024-10-21 22:00:00"
3938537100,449.08,"2024-10-21 22:05:00"
3938537400,449.78000000000003,"2024-10-21 22:10:00"
3938537700,451.58,"2024-10-21 22:15:00"
3938538000,452.79,"2024-10-21 22:20:00"
3938538300,453.52,"2024-10-21 22:25:00"
3938538600,453.27,"2024-10-21 22:30:00"
3938538900,451.27,"2024-10-21 22:35:00"
3938539200,450.68,"2024-10-21 22:40:00"
3938539500,450.04,"2024-10-21 22:45:00"
3938539800,450.03000000000003,"2024-10-21 22:50:00"
3938540100,452.77,"2024-10-21 22:55:00"
3938540400,450.45,"2024-10-21 23:00:00"
3938540700,450.02,"2024-10-21 23:05:00"
3938541000,450.44,"2024-10-21 23:10:00"
3938541300,450.18,"2024-10-21 23:15:00"
3938541600,449.67,"2024-10-21 23:20:00"
3938541900,451.5,"2024-10-21 23:25:00"
3938542200,452.54,"2024-10-21 23:30:00"
3938542500,452.27,"2024-10-21 23:35:00"
3938542800,449.94,"2024-10-21 23:40:00"
3938543100,447.71000000000004,"2024-10-21 23:45:00"
3938543400,447.95,"2024-10-21 23:50:00"
3938543700,447.74,"2024-10-21 23:55:00"
3938544000,447.06,"2024-10-22 00:00:00"
3938544300,446.36,"2024-10-22 00:05:00"
3938544600,446.05,"2024-10-22 00:10:00"
3938544900,445.38,"2024-10-22 00:15:00"
3938545200,444.42,"2024-10-22 00:20:00"
3938545500,444.71000000000004,"2024-10-22 00:25:00"
3938545800,447.15000000000003,"2024-10-22 00:30:00"
3938546100,450.29,"2024-10-22 00:35:00"
3938546400,450.21000000000004,"2024-10-22 00:40:00"
3938546700,450.39,"2024-10-22 00:45:00"
3938547000,448.26,"2024-10-22 00:50:00"
3938547300,448.33,"2024-10-22 00:55:00"
3938547600,449.27,"2024-10-22 01:00:00"
3938547900,447.39,"2024-10-22 01:05:00"
3938548200,446.62,"2024-10-22 01:10:00"
3938548500,446.06,"2024-10-22 01:15:00"
3938548800,445.03000000000003,"2024-10-22 01:20:00"
3938549100,444.46000000000004,"2024-10-22 01:25:00"
3938549400,444.03000000000003,"2024-10-22 01:30:00"
3938549700,443.95,"2024-10-22 01:35:00"
3938550000,446.2,"2024-10-22 01:40:00"
3938550300,448.71000000000004,"2024-10-22 01:45:00"
3938550600,448.78000000000003,"2024-10-22 01:50:00"
3938550900,447.86,"2024-10-22 01:55:00"
3938551200,445.52,"2024-10-22 02:00:00"
3938551500,444.38,"2024-10-22 02:05:00"
3938551800,443.46000000000004,"2024-10-22 02:10:00"
3938552100,443.12,"2024-10-22 02:15:00"
3938552400,443.71000000000004,"2024-10-22 02:20:00"
3938552700,443.88,"2024-10-22 02:25:00"
3938553000,444.01,"2024-10-22 02:30:00"
3938553300,444.59000000000003,"2024-10-22 02:35:00"
3938553600,445.34000000000003,"2024-10-22 02:40:00"
3938553900,446.18,"2024-10-22 02:45:00"
3938554200,448.04,"2024-10-22 02:50:00"
3938554500,449.18,"2024-10-22 02:55:00"
3938554800,450.39,"2024-10-22 03:00:00"
3938555100,449.24,"2024-10-22 03:05:00"
3938555400,449.93,"2024-10-22 03:10:00"
3938555700,451.08,"2024-10-22 03:15:00"
3938556000,449.16,"2024-10-22 03:20:00"
3938556300,448.54,"2024-10-22 03:25:00"
3938556600,447.92,"2024-10-22 03:30:00"
3938556900,447.8,"2024-10-22 03:35:00"
3938557200,448.65000000000003,"2024-10-22 03:40:00"
3938557500,448.61,"2024-10-22 03:45:00"
3938557800,448.54,"2024-10-22 03:50:00"
3938558100,450.03000000000003,"2024-10-22 03:55:00"
3938558400,452.90000000000003,"2024-10-22 04:00:00"
3938558700,454.57,"2024-10-22 04:05:00"
3938559000,454.23,"2024-10-22 04:10:00"
3938559300,452.44,"2024-10-22 04:15:00"
3938559600,451.61,"2024-10-22 04:20:00"
3938559900,451.45,"2024-10-22 04:25:00"
3938560200,451.85,"2024-10-22 04:30:00"
3938560500,452.91,"2024-10-22 04:35:00"
3938560800,454.39,"2024-10-22 04:40:00"
3938561100,455.98,"2024-10-22 04:45:00"
3938561400,456.8,"2024-10-22 04:50:00"
3938561700,456.87,"2024-10-22 04:55:00"
3938562000,457.5,"2024-10-22 05:00:00"
3938562300,462.31,"2024-10-22 05:05:00"
3938562600,465.23,"2024-10-22 05:10:00"
3938562900,465.09000000000003,"2024-10-22 05:15:00"
3938563200,462.59000000000003,"2024-10-22 05:20:00"
3938563500,459.54,"2024-10-22 05:25:00"
3938563800,457.49,"2024-10-22 05:30:00"
3938564100,456.51,"2024-10-22 05:35:00"
3938564400,456.05,"2024-10-22 05:40:00"
3938564700,456.46000000000004,"2024-10-22 05:45:00"
3938565000,456.05,"2024-10-22 05:50:00"
3938565300,456.04,"2024-10-22 05:55:00"
3938565600,455.7,"2024-10-22 06:00:00"
3938565900,455.09000000000003,"2024-10-22 06:05:00"
3938566200,455.76,"2024-10-22 06:10:00"
3938566500,456.95,"2024-10-22 06:15:00"
3938566800,457.51,"2024-10-22 06:20:00"
3938567100,455.42,"2024-10-22 06:25:00"
3938567400,452.58,"2024-10-22 06:30:00"
3938567700,451.09000000000003,"2024-10-22 06:35:00"
3938568000,450.38,"2024-10-22 06:40:00"
3938568300,449.57,"2024-10-22 06:45:00"
3938568600,449.28000000000003,"2024-10-22 06:50:00"
3938568900,448.86,"2024-10-22 06:55:00"
3938569200,448.3,"2024-10-22 07:00:00"
3938569500,447.14,"2024-10-22 07:05:00"
3938569800,445.36,"2024-10-22 07:10:00"
3938570100,445.17,"2024-10-22 07:15:00"
3938570400,445.63,"2024-10-22 07:20:00"
3938570700,446.09000000000003,"2024-10-22 07:25:00"
3938571000,445.93,"2024-10-22 07:30:00"
3938571300,444.64,"2024-10-22 07:35:00"
3938571600,443.51,"2024-10-22 07:40:00"
3938571900,443.82,"2024-10-22 07:45:00"
3938572200,442.88,"2024-10-22 07:50:00"
3938572500,442.73,"2024-10-22 07:55:00"
3938572800,443.52,"2024-10-22 08:00:00"
3938573100,443.72,"2024-10-22 08:05:00"
3938573400,443.03000000000003,"2024-10-22 08:10:00"
3938573700,443.55,"2024-10-22 08:15:00"
3938574000,443.09000000000003,"2024-10-22 08:20:00"
3938574300,442.74,"2024-10-22 08:25:00"
3938574600,443.39,"2024-10-22 08:30:00"
3938574900,443.98,"2024-10-22 08:35:00"
3938575200,442.29,"2024-10-22 08:40:00"
3938575500,443.46000000000004,"2024-10-22 08:45:00"
3938575800,444.21000000000004,"2024-10-22 08:50:00"
3938576100,442.28000000000003,"2024-10-22 08:55:00"
3938576400,441.29,"2024-10-22 09:00:00"
3938576700,440.37,"2024-10-22 09:05:00"
3938577000,438.95,"2024-10-22 09:10:00"
3938577300,438.99,"2024-10-22 09:15:00"
3938577600,439.19,"2024-10-22 09:20:00"
3938577900,438.12,"2024-10-22 09:25:00"
3938578200,437.79,"2024-10-22 09:30:00"
3938578500,438.6,"2024-10-22 09:35:00"
3938578800,439.83,"2024-10-22 09:40:00"
3938579100,439.47,"2024-10-22 09:45:00"
3938579400,437.88,"2024-10-22 09:50:00"
3938579700,435.94,"2024-10-22 09:55:00"
3938580000,436.5,"2024-10-22 10:00:00"
3938580300,436.45,"2024-10-22 10:05:00"
3938580600,435.40000000000003,"2024-10-22 10:10:00"
3938580900,434.45,"2024-10-22 10:15:00"
3938581200,434.56,"2024-10-22 10:20:00"
3938581500,434.34000000000003,"2024-10-22 10:25:00"
3938581800,434.08,"2024-10-22 10:30:00"
3938582100,434.51,"2024-10-22 10:35:00"
3938582400,436.69,"2024-10-22 10:40:00"
3938582700,437.04,"2024-10-22 10:45:00"
3938583000,440.37,"2024-10-22 10:50:00"
3938583300,437.68,"2024-10-22 10:55:00"
3938583600,435.22,"2024-10-22 11:00:00"
3938583900,438.92,"2024-10-22 11:05:00"
3938584200,449.03000000000003,"2024-10-22 11:10:00"
3938584500,499.62,"2024-10-22 11:15:00"
3938584800,509.65000000000003,"2024-10-22 11:20:00"
3938585100,512.85,"2024-10-22 11:25:00"
3938585400,515.85,"2024-10-22 11:30:00"
3938585700,521.41,"2024-10-22 11:35:00"
3938586000,525.6800000000001,"2024-10-22 11:40:00"
3938586300,513.69,"2024-10-22 11:45:00"
3938586600,509.73,"2024-10-22 11:50:00"
3938586900,520.67,"2024-10-22 11:55:00"
3938587200,519.92,"2024-10-22 12:00:00"
3938587500,473.72,"2024-10-22 12:05:00"
3938587800,461.98,"2024-10-22 12:10:00"
3938588100,441.48,"2024-10-22 12:15:00"
3938588400,441.26,"2024-10-22 12:20:00"
3938588700,433.83,"2024-10-22 12:25:00"
3938589000,432.45,"2024-10-22 12:30:00"
3938589300,431.19,"2024-10-22 12:35:00"
3938589600,429.96000000000004,"2024-10-22 12:40:00"
3938589900,429.55,"2024-10-22 12:45:00"
3938590200,429.55,"2024-10-22 12:50:00"
3938590500,430.99,"2024-10-22 12:55:00"
3938590800,437.58,"2024-10-22 13:00:00"
3938591100,435.64,"2024-10-22 13:05:00"
3938591400,503.75,"2024-10-22 13:10:00"
3938591700,557.19,"2024-10-22 13:15:00"
3938592000,583.83,"2024-10-22 13:20:00"
3938592300,579.19,"2024-10-22 13:25:00"
3938592600,578.34,"2024-10-22 13:30:00"
3938592900,540.19,"2024-10-22 13:35:00"
3938593200,482.49,"2024-10-22 13:40:00"
3938593500,479.98,"2024-10-22 13:45:00"
3938593800,466.24,"2024-10-22 13:50:00"
3938594100,465.38,"2024-10-22 13:55:00"
3938594400,460.5,"2024-10-22 14:00:00"
3938594700,453.79,"2024-10-22 14:05:00"
3938595000,478.97,"2024-10-22 14:10:00"
3938595300,446.78000000000003,"2024-10-22 14:15:00"
3938595600,434.16,"2024-10-22 14:20:00"
3938595900,430.69,"2024-10-22 14:25:00"
3938596200,430.21000000000004,"2024-10-22 14:30:00"
3938596500,430.52,"2024-10-22 14:35:00"
3938596800,430.41,"2024-10-22 14:40:00"
3938597100,430.01,"2024-10-22 14:45:00"
3938597400,430.02,"2024-10-22 14:50:00"
3938597700,430.64,"2024-10-22 14:55:00"
3938598000,431.06,"2024-10-22 15:00:00"
3938598300,430.84000000000003,"2024-10-22 15:05:00"
3938598600,432.62,"2024-10-22 15:10:00"
3938598900,435.56,"2024-10-22 15:15:00"
3938599200,439.,"2024-10-22 15:20:00"
3938599500,443.39,"2024-10-22 15:25:00"
3938599800,442.44,"2024-10-22 15:30:00"
3938600100,441.52,"2024-10-22 15:35:00"
3938600400,436.64,"2024-10-22 15:40:00"
3938600700,436.36,"2024-10-22 15:45:00"
3938601000,435.97,"2024-10-22 15:50:00"
3938601300,437.02,"2024-10-22 15:55:00"
3938601600,439.16,"2024-10-22 16:00:00"
3938601900,442.78000000000003,"2024-10-22 16:05:00"
3938602200,452.08,"2024-10-22 16:10:00"
3938602500,453.92,"2024-10-22 16:15:00"
3938602800,462.98,"2024-10-22 16:20:00"
3938603100,462.83,"2024-10-22 16:25:00"
3938603400,461.33,"2024-10-22 16:30:00"
3938603700,455.07,"2024-10-22 16:35:00"
3938604000,448.42,"2024-10-22 16:40:00"
3938604300,445.17,"2024-10-22 16:45:00"
3938604600,452.37,"2024-10-22 16:50:00"
3938604900,451.90000000000003,"2024-10-22 16:55:00"
3938605200,453.61,"2024-10-22 17:00:00"
3938605500,452.62,"2024-10-22 17:05:00"
3938605800,453.57,"2024-10-22 17:10:00"
3938606100,453.56,"2024-10-22 17:15:00"
3938606400,453.67,"2024-10-22 17:20:00"
3938606700,452.32,"2024-10-22 17:25:00"
3938607000,454.96000000000004,"2024-10-22 17:30:00"
3938607300,457.28000000000003,"2024-10-22 17:35:00"
3938607600,458.97,"2024-10-22 17:40:00"
3938607900,453.58,"2024-10-22 17:45:00"
3938608200,450.05,"2024-10-22 17:50:00"
3938608500,450.31,"2024-10-22 17:55:00"
3938608800,451.45,"2024-10-22 18:00:00"
3938609100,451.3,"2024-10-22 18:05:00"
3938609400,451.29,"2024-10-22 18:10:00"
3938609700,453.19,"2024-10-22 18:15:00"
3938610000,452.69,"2024-10-22 18:20:00"
3938610300,450.88,"2024-10-22 18:25:00"
3938610600,450.71000000000004,"2024-10-22 18:30:00"
3938610900,451.89,"2024-10-22 18:35:00"
3938611200,458.33,"2024-10-22 18:40:00"
3938611500,458.40000000000003,"2024-10-22 18:45:00"
3938611800,459.04,"2024-10-22 18:50:00"
3938612100,461.1,"2024-10-22 18:55:00"
3938612400,461.53000000000003,"2024-10-22 19:00:00"
3938612700,462.21000000000004,"2024-10-22 19:05:00"
3938613000,464.5,"2024-10-22 19:10:00"
3938613300,464.51,"2024-10-22 19:15:00"
3938613600,462.99,"2024-10-22 19:20:00"
3938613900,463.85,"2024-10-22 19:25:00"
3938614200,466.98,"2024-10-22 19:30:00"
3938614500,463.87,"2024-10-22 19:35:00"
3938614800,461.14,"2024-10-22 19:40:00"
3938615100,461.21000000000004,"2024-10-22 19:45:00"
3938615400,465.21000000000004,"2024-10-22 19:50:00"
3938615700,482.18,"2024-10-22 19:55:00"
3938616000,484.23,"2024-10-22 20:00:00"
3938616300,478.13,"2024-10-22 20:05:00"
3938616600,472.21000000000004,"2024-10-22 20:10:00"
3938616900,468.56,"2024-10-22 20:15:00"
3938617200,467.77,"2024-10-22 20:20:00"
3938617500,466.95,"2024-10-22 20:25:00"
3938617800,466.46000000000004,"2024-10-22 20:30:00"
3938618100,466.23,"2024-10-22 20:35:00"
3938618400,466.02,"2024-10-22 20:40:00"
3938618700,464.82,"2024-10-22 20:45:00"
3938619000,467.51,"2024-10-22 20:50:00"
3938619300,466.91,"2024-10-22 20:55:00"
3938619600,472.62,"2024-10-22 21:00:00"
3938619900,475.45,"2024-10-22 21:05:00"
3938620200,477.31,"2024-10-22 21:10:00"
3938620500,471.65000000000003,"2024-10-22 21:15:00"
3938620800,466.98,"2024-10-22 21:20:00"
3938621100,463.82,"2024-10-22 21:25:00"
3938621400,461.73,"2024-10-22 21:30:00"
3938621700,462.59000000000003,"2024-10-22 21:35:00"
3938622000,463.62,"2024-10-22 21:40:00"
3938622300,464.67,"2024-10-22 21:45:00"
3938622600,464.7,"2024-10-22 21:50:00"
3938622900,465.28000000000003,"2024-10-22 21:55:00"
3938623200,466.62,"2024-10-22 22:00:00"
3938623500,469.11,"2024-10-22 22:05:00"
3938623800,472.6,"2024-10-22 22:10:00"
3938624100,472.43,"2024-10-22 22:15:00"
3938624400,473.31,"2024-10-22 22:20:00"
3938624700,470.52,"2024-10-22 22:25:00"
3938625000,469.62,"2024-10-22 22:30:00"
3938625300,468.58,"2024-10-22 22:35:00"
3938625600,466.31,"2024-10-22 22:40:00"
3938625900,465.08,"2024-10-22 22:45:00"
3938626200,464.83,"2024-10-22 22:50:00"
3938626500,464.53000000000003,"2024-10-22 22:55:00"
3938626800,462.91,"2024-10-22 23:00:00"
3938627100,461.09000000000003,"2024-10-22 23:05:00"
3938627400,458.95,"2024-10-22 23:10:00"
3938627700,460.40000000000003,"2024-10-22 23:15:00"
3938628000,461.67,"2024-10-22 23:20:00"
3938628300,459.38,"2024-10-22 23:25:00"
3938628600,456.79,"2024-10-22 23:30:00"
3938628900,453.62,"2024-10-22 23:35:00"
3938629200,452.47,"2024-10-22 23:40:00"
3938629500,452.37,"2024-10-22 23:45:00"
3938629800,453.17,"2024-10-22 23:50:00"
3938630100,453.38,"2024-10-22 23:55:00"
3938630400,453.51,"2024-10-23 00:00:00"
3938630700,453.06,"2024-10-23 00:05:00"
3938631000,451.7,"2024-10-23 00:10:00"
3938631300,450.22,"2024-10-23 00:15:00"
3938631600,449.16,"2024-10-23 00:20:00"
3938631900,449.59000000000003,"2024-10-23 00:25:00"
3938632200,448.59000000000003,"2024-10-23 00:30:00"
3938632500,447.48,"2024-10-23 00:35:00"
3938632800,445.76,"2024-10-23 00:40:00"
3938633100,443.67,"2024-10-23 00:45:00"
3938633400,443.31,"2024-10-23 00:50:00"
3938633700,442.63,"2024-10-23 00:55:00"
3938634000,441.65000000000003,"2024-10-23 01:00:00"
3938634300,440.87,"2024-10-23 01:05:00"
3938634600,440.5,"2024-10-23 01:10:00"
3938634900,442.14,"2024-10-23 01:15:00"
3938635200,443.28000000000003,"2024-10-23 01:20:00"
3938635500,443.78000000000003,"2024-10-23 01:25:00"
3938635800,445.2,"2024-10-23 01:30:00"
3938636100,447.08,"2024-10-23 01:35:00"
3938636400,446.71000000000004,"2024-10-23 01:40:00"
3938636700,443.04,"2024-10-23 01:45:00"
3938637000,440.62,"2024-10-23 01:50:00"
3938637300,440.24,"2024-10-23 01:55:00"
3938637600,440.74,"2024-10-23 02:00:00"
3938637900,441.38,"2024-10-23 02:05:00"
3938638200,442.19,"2024-10-23 02:10:00"
3938638500,442.44,"2024-10-23 02:15:00"
3938638800,441.88,"2024-10-23 02:20:00"
3938639100,441.59000000000003,"2024-10-23 02:25:00"
3938639400,441.94,"2024-10-23 02:30:00"
3938639700,442.58,"2024-10-23 02:35:00"
3938640000,444.16,"2024-10-23 02:40:00"
3938640300,444.64,"2024-10-23 02:45:00"
3938640600,444.59000000000003,"2024-10-23 02:50:00"
3938640900,443.66,"2024-10-23 02:55:00"
3938641200,443.53000000000003,"2024-10-23 03:00:00"
3938641500,443.92,"2024-10-23 03:05:00"
3938641800,443.71000000000004,"2024-10-23 03:10:00"
3938642100,444.06,"2024-10-23 03:15:00"
3938642400,443.37,"2024-10-23 03:20:00"
3938642700,442.66,"2024-10-23 03:25:00"
3938643000,442.62,"2024-10-23 03:30:00"
3938643300,441.67,"2024-10-23 03:35:00"
3938643600,440.01,"2024-10-23 03:40:00"
3938643900,439.40000000000003,"2024-10-23 03:45:00"
3938644200,441.7,"2024-10-23 03:50:00"
3938644500,443.18,"2024-10-23 03:55:00"
3938644800,443.67,"2024-10-23 04:00:00"
3938645100,443.09000000000003,"2024-10-23 04:05:00"
3938645400,441.65000000000003,"2024-10-23 04:10:00"
3938645700,441.78000000000003,"2024-10-23 04:15:00"
3938646000,440.93,"2024-10-23 04:20:00"
3938646300,440.61,"2024-10-23 04:25:00"
3938646600,440.09000000000003,"2024-10-23 04:30:00"
3938646900,438.81,"2024-10-23 04:35:00"
3938647200,438.75,"2024-10-23 04:40:00"
3938647500,439.56,"2024-10-23 04:45:00"
3938647800,439.59000000000003,"2024-10-23 04:50:00"
3938648100,439.82,"2024-10-23 04:55:00"
3938648400,440.33,"2024-10-23 05:00:00"
3938648700,441.38,"2024-10-23 05:05:00"
3938649000,443.15000000000003,"2024-10-23 05:10:00"
3938649300,442.39,"2024-10-23 05:15:00"
3938649600,442.54,"2024-10-23 05:20:00"
3938649900,442.2,"2024-10-23 05:25:00"
3938650200,443.33,"2024-10-23 05:30:00"
3938650500,442.73,"2024-10-23 05:35:00"
3938650800,442.87,"2024-10-23 05:40:00"
3938651100,444.68,"2024-10-23 05:45:00"
3938651400,448.32,"2024-10-23 05:50:00"
3938651700,450.75,"2024-10-23 05:55:00"
3938652000,448.14,"2024-10-23 06:00:00"
3938652300,446.07,"2024-10-23 06:05:00"
3938652600,447.51,"2024-10-23 06:10:00"
3938652900,449.95,"2024-10-23 06:15:00"
3938653200,448.55,"2024-10-23 06:20:00"
3938653500,445.26,"2024-10-23 06:25:00"
3938653800,441.17,"2024-10-23 06:30:00"
3938654100,440.58,"2024-10-23 06:35:00"
3938654400,440.37,"2024-10-23 06:40:00"
3938654700,439.44,"2024-10-23 06:45:00"
3938655000,438.44,"2024-10-23 06:50:00"
3938655300,438.40000000000003,"2024-10-23 06:55:00"
3938655600,438.52,"2024-10-23 07:00:00"
3938655900,438.17,"2024-10-23 07:05:00"
3938656200,440.02,"2024-10-23 07:10:00"
3938656500,440.1,"2024-10-23 07:15:00"
3938656800,442.76,"2024-10-23 07:20:00"
3938657100,446.44,"2024-10-23 07:25:00"
3938657400,447.65000000000003,"2024-10-23 07:30:00"
3938657700,445.16,"2024-10-23 07:35:00"
3938658000,443.62,"2024-10-23 07:40:00"
3938658300,443.03000000000003,"2024-10-23 07:45:00"
3938658600,442.52,"2024-10-23 07:50:00"
3938658900,444.36,"2024-10-23 07:55:00"
3938659200,444.35,"2024-10-23 08:00:00"
3938659500,443.54,"2024-10-23 08:05:00"
3938659800,441.41,"2024-10-23 08:10:00"
3938660100,439.88,"2024-10-23 08:15:00"
3938660400,439.54,"2024-10-23 08:20:00"
3938660700,437.99,"2024-10-23 08:25:00"
3938661000,437.93,"2024-10-23 08:30:00"
3938661300,439.40000000000003,"2024-10-23 08:35:00"
3938661600,440.16,"2024-10-23 08:40:00"
3938661900,438.3,"2024-10-23 08:45:00"
3938662200,439.11,"2024-10-23 08:50:00"
3938662500,439.43,"2024-10-23 08:55:00"
3938662800,439.94,"2024-10-23 09:00:00"
3938663100,440.42,"2024-10-23 09:05:00"
3938663400,439.90000000000003,"2024-10-23 09:10:00"
3938663700,441.06,"2024-10-23 09:15:00"
3938664000,441.13,"2024-10-23 09:20:00"
3938664300,440.02,"2024-10-23 09:25:00"
3938664600,440.21000000000004,"2024-10-23 09:30:00"
3938664900,440.81,"2024-10-23 09:35:00"
3938665200,441.98,"2024-10-23 09:40:00"
3938665500,441.46000000000004,"2024-10-23 09:45:00"
3938665800,439.97,"2024-10-23 09:50:00"
3938666100,440.33,"2024-10-23 09:55:00"
3938666400,439.72,"2024-10-23 10:00:00"
3938666700,439.91,"2024-10-23 10:05:00"
3938667000,438.40000000000003,"2024-10-23 10:10:00"
3938667300,441.13,"2024-10-23 10:15:00"
3938667600,443.26,"2024-10-23 10:20:00"
3938667900,442.81,"2024-10-23 10:25:00"
3938668200,441.52,"2024-10-23 10:30:00"
3938668500,438.07,"2024-10-23 10:35:00"
3938668800,438.85,"2024-10-23 10:40:00"
3938669100,439.59000000000003,"2024-10-23 10:45:00"
3938669400,439.98,"2024-10-23 10:50:00"
3938669700,438.65000000000003,"2024-10-23 10:55:00"
3938670000,436.7,"2024-10-23 11:00:00"
3938670300,436.3,"2024-10-23 11:05:00"
3938670600,437.14,"2024-10-23 11:10:00"
3938670900,436.51,"2024-10-23 11:15:00"
3938671200,436.07,"2024-10-23 11:20:00"
3938671500,435.43,"2024-10-23 11:25:00"
3938671800,434.35,"2024-10-23 11:30:00"
3938672100,433.89,"2024-10-23 11:35:00"
3938672400,433.63,"2024-10-23 11:40:00"
3938672700,434.83,"2024-10-23 11:45:00"
3938673000,434.88,"2024-10-23 11:50:00"
3938673300,434.97,"2024-10-23 11:55:00"
3938673600,434.89,"2024-10-23 12:00:00"
3938673900,435.2,"2024-10-23 12:05:00"
3938674200,436.11,"2024-10-23 12:10:00"
3938674500,436.08,"2024-10-23 12:15:00"
3938674800,436.16,"2024-10-23 12:20:00"
3938675100,434.39,"2024-10-23 12:25:00"
3938675400,434.56,"2024-10-23 12:30:00"
3938675700,434.67,"2024-10-23 12:35:00"
3938676000,433.85,"2024-10-23 12:40:00"
3938676300,433.76,"2024-10-23 12:45:00"
3938676600,435.7,"2024-10-23 12:50:00"
3938676900,439.09000000000003,"2024-10-23 12:55:00"
3938677200,437.97,"2024-10-23 13:00:00"
3938677500,436.73,"2024-10-23 13:05:00"
3938677800,435.6,"2024-10-23 13:10:00"
3938678100,434.82,"2024-10-23 13:15:00"
3938678400,434.37,"2024-10-23 13:20:00"
3938678700,434.82,"2024-10-23 13:25:00"
3938679000,435.62,"2024-10-23 13:30:00"
3938679300,437.84000000000003,"2024-10-23 13:35:00"
3938679600,437.22,"2024-10-23 13:40:00"
3938679900,437.76,"2024-10-23 13:45:00"
3938680200,437.28000000000003,"2024-10-23 13:50:00"
3938680500,436.61,"2024-10-23 13:55:00"
3938680800,440.02,"2024-10-23 14:00:00"
3938681100,443.99,"2024-10-23 14:05:00"
3938681400,443.69,"2024-10-23 14:10:00"
3938681700,439.90000000000003,"2024-10-23 14:15:00"
3938682000,438.84000000000003,"2024-10-23 14:20:00"
3938682300,437.93,"2024-10-23 14:25:00"
3938682600,438.83,"2024-10-23 14:30:00"
3938682900,440.77,"2024-10-23 14:35:00"
3938683200,440.37,"2024-10-23 14:40:00"
3938683500,440.34000000000003,"2024-10-23 14:45:00"
3938683800,440.35,"2024-10-23 14:50:00"
3938684100,439.98,"2024-10-23 14:55:00"
3938684400,442.72,"2024-10-23 15:00:00"
3938684700,444.77,"2024-10-23 15:05:00"
3938685000,442.77,"2024-10-23 15:10:00"
3938685300,441.69,"2024-10-23 15:15:00"
3938685600,441.61,"2024-10-23 15:20:00"
3938685900,441.36,"2024-10-23 15:25:00"
3938686200,442.66,"2024-10-23 15:30:00"
3938686500,444.13,"2024-10-23 15:35:00"
3938686800,443.92,"2024-10-23 15:40:00"
3938687100,443.05,"2024-10-23 15:45:00"
3938687400,442.28000000000003,"2024-10-23 15:50:00"
3938687700,442.97,"2024-10-23 15:55:00"
3938688000,444.47,"2024-10-23 16:00:00"
3938688300,446.59000000000003,"2024-10-23 16:05:00"
3938688600,449.1,"2024-10-23 16:10:00"
3938688900,450.03000000000003,"2024-10-23 16:15:00"
3938689200,450.65000000000003,"2024-10-23 16:20:00"
3938689500,449.24,"2024-10-23 16:25:00"
3938689800,450.64,"2024-10-23 16:30:00"
3938690100,448.43,"2024-10-23 16:35:00"
3938690400,449.21000000000004,"2024-10-23 16:40:00"
3938690700,449.67,"2024-10-23 16:45:00"
3938691000,450.11,"2024-10-23 16:50:00"
3938691300,447.21000000000004,"2024-10-23 16:55:00"
3938691600,445.74,"2024-10-23 17:00:00"
3938691900,444.23,"2024-10-23 17:05:00"
3938692200,443.5,"2024-10-23 17:10:00"
3938692500,443.59000000000003,"2024-10-23 17:15:00"
3938692800,443.7,"2024-10-23 17:20:00"
3938693100,444.96000000000004,"2024-10-23 17:25:00"
3938693400,446.78000000000003,"2024-10-23 17:30:00"
3938693700,446.72,"2024-10-23 17:35:00"
3938694000,444.43,"2024-10-23 17:40:00"
3938694300,443.1,"2024-10-23 17:45:00"
3938694600,445.74,"2024-10-23 17:50:00"
3938694900,446.47,"2024-10-23 17:55:00"
3938695200,445.83,"2024-10-23 18:00:00"
3938695500,447.2,"2024-10-23 18:05:00"
3938695800,448.56,"2024-10-23 18:10:00"
3938696100,446.04,"2024-10-23 18:15:00"
3938696400,444.5,"2024-10-23 18:20:00"
3938696700,444.07,"2024-10-23 18:25:00"
3938697000,444.2,"2024-10-23 18:30:00"
3938697300,445.8,"2024-10-23 18:35:00"
3938697600,447.91,"2024-10-23 18:40:00"
3938697900,449.86,"2024-10-23 18:45:00"
3938698200,448.56,"2024-10-23 18:50:00"
3938698500,446.84000000000003,"2024-10-23 18:55:00"
3938698800,446.46000000000004,"2024-10-23 19:00:00"
3938699100,446.55,"2024-10-23 19:05:00"
3938699400,447.49,"2024-10-23 19:10:00"
3938699700,447.7,"2024-10-23 19:15:00"
3938700000,448.15000000000003,"2024-10-23 19:20:00"
3938700300,449.68,"2024-10-23 19:25:00"
3938700600,449.17,"2024-10-23 19:30:00"
3938700900,448.89,"2024-10-23 19:35:00"
3938701200,449.95,"2024-10-23 19:40:00"
3938701500,450.86,"2024-10-23 19:45:00"
3938701800,451.92,"2024-10-23 19:50:00"
3938702100,453.33,"2024-10-23 19:55:00"
3938702400,450.88,"2024-10-23 20:00:00"
3938702700,450.22,"2024-10-23 20:05:00"
3938703000,449.45,"2024-10-23 20:10:00"
3938703300,449.28000000000003,"2024-10-23 20:15:00"
3938703600,450.79,"2024-10-23 20:20:00"
3938703900,450.94,"2024-10-23 20:25:00"
3938704200,452.17,"2024-10-23 20:30:00"
3938704500,453.47,"2024-10-23 20:35:00"
3938704800,451.72,"2024-10-23 20:40:00"
3938705100,449.18,"2024-10-23 20:45:00"
3938705400,447.22,"2024-10-23 20:50:00"
3938705700,446.62,"2024-10-23 20:55:00"
3938706000,446.51,"2024-10-23 21:00:00"
3938706300,446.25,"2024-10-23 21:05:00"
3938706600,444.93,"2024-10-23 21:10:00"
3938706900,443.94,"2024-10-23 21:15:00"
3938707200,442.8,"2024-10-23 21:20:00"
3938707500,442.42,"2024-10-23 21:25:00"
3938707800,440.75,"2024-10-23 21:30:00"
3938708100,441.31,"2024-10-23 21:35:00"
3938708400,443.95,"2024-10-23 21:40:00"
3938708700,445.26,"2024-10-23 21:45:00"
3938709000,443.96000000000004,"2024-10-23 21:50:00"
3938709300,443.59000000000003,"2024-10-23 21:55:00"
3938709600,443.74,"2024-10-23 22:00:00"
3938709900,444.85,"2024-10-23 22:05:00"
3938710200,445.8,"2024-10-23 22:10:00"
3938710500,444.77,"2024-10-23 22:15:00"
3938710800,444.8,"2024-10-23 22:20:00"
3938711100,444.5,"2024-10-23 22:25:00"
3938711400,443.09000000000003,"2024-10-23 22:30:00"
3938711700,442.39,"2024-10-23 22:35:00"
3938712000,441.90000000000003,"2024-10-23 22:40:00"
3938712300,442.2,"2024-10-23 22:45:00"
3938712600,443.01,"2024-10-23 22:50:00"
3938712900,443.43,"2024-10-23 22:55:00"
3938713200,443.64,"2024-10-23 23:00:00"
3938713500,444.28000000000003,"2024-10-23 23:05:00"
3938713800,444.53000000000003,"2024-10-23 23:10:00"
3938714100,445.94,"2024-10-23 23:15:00"
3938714400,447.27,"2024-10-23 23:20:00"
3938714700,447.54,"2024-10-23 23:25:00"
3938715000,444.02,"2024-10-23 23:30:00"
3938715300,443.5,"2024-10-23 23:35:00"
3938715600,442.40000000000003,"2024-10-23 23:40:00"
3938715900,442.41,"2024-10-23 23:45:00"
3938716200,443.27,"2024-10-23 23:50:00"
3938716500,443.39,"2024-10-23 23:55:00"
3938716800,443.49,"2024-10-24 00:00:00"
3938717100,441.59000000000003,"2024-10-24 00:05:00"
3938717400,442.22,"2024-10-24 00:10:00"
3938717700,442.93,"2024-10-24 00:15:00"
3938718000,442.81,"2024-10-24 00:20:00"
3938718300,441.40000000000003,"2024-10-24 00:25:00"
3938718600,441.35,"2024-10-24 00:30:00"
3938718900,441.71000000000004,"2024-10-24 00:35:00"
3938719200,440.88,"2024-10-24 00:40:00"
3938719500,440.68,"2024-10-24 00:45:00"
3938719800,440.43,"2024-10-24 00:50:00"
3938720100,440.86,"2024-10-24 00:55:00"
3938720400,440.36,"2024-10-24 01:00:00"
3938720700,441.44,"2024-10-24 01:05:00"
3938721000,441.74,"2024-10-24 01:10:00"
3938721300,440.87,"2024-10-24 01:15:00"
3938721600,440.33,"2024-10-24 01:20:00"
3938721900,440.27,"2024-10-24 01:25:00"
3938722200,440.34000000000003,"2024-10-24 01:30:00"
3938722500,441.06,"2024-10-24 01:35:00"
3938722800,441.95,"2024-10-24 01:40:00"
3938723100,443.02,"2024-10-24 01:45:00"
3938723400,443.8,"2024-10-24 01:50:00"
3938723700,444.19,"2024-10-24 01:55:00"
3938724000,444.26,"2024-10-24 02:00:00"
3938724300,445.13,"2024-10-24 02:05:00"
3938724600,443.53000000000003,"2024-10-24 02:10:00"
3938724900,443.56,"2024-10-24 02:15:00"
3938725200,443.28000000000003,"2024-10-24 02:20:00"
3938725500,443.13,"2024-10-24 02:25:00"
3938725800,443.84000000000003,"2024-10-24 02:30:00"
3938726100,444.15000000000003,"2024-10-24 02:35:00"
3938726400,443.79,"2024-10-24 02:40:00"
3938726700,444.97,"2024-10-24 02:45:00"
3938727000,447.38,"2024-10-24 02:50:00"
3938727300,446.05,"2024-10-24 02:55:00"
3938727600,444.96000000000004,"2024-10-24 03:00:00"
3938727900,443.69,"2024-10-24 03:05:00"
3938728200,444.01,"2024-10-24 03:10:00"
3938728500,443.98,"2024-10-24 03:15:00"
3938728800,444.84000000000003,"2024-10-24 03:20:00"
3938729100,444.73,"2024-10-24 03:25:00"
3938729400,445.31,"2024-10-24 03:30:00"
3938729700,444.96000000000004,"2024-10-24 03:35:00"
3938730000,445.43,"2024-10-24 03:40:00"
3938730300,447.92,"2024-10-24 03:45:00"
3938730600,447.3,"2024-10-24 03:50:00"
3938730900,446.35,"2024-10-24 03:55:00"
3938731200,446.5,"2024-10-24 04:00:00"
3938731500,446.95,"2024-10-24 04:05:00"
3938731800,446.3,"2024-10-24 04:10:00"
3938732100,446.06,"2024-10-24 04:15:00"
3938732400,447.37,"2024-10-24 04:20:00"
3938732700,447.76,"2024-10-24 04:25:00"
3938733000,447.72,"2024-10-24 04:30:00"
3938733300,448.04,"2024-10-24 04:35:00"
3938733600,448.65000000000003,"2024-10-24 04:40:00"
3938733900,448.66,"2024-10-24 04:45:00"
3938734200,448.5,"2024-10-24 04:50:00"
3938734500,448.49,"2024-10-24 04:55:00"
3938734800,448.94,"2024-10-24 05:00:00"
3938735100,449.29,"2024-10-24 05:05:00"
3938735400,451.33,"2024-10-24 05:10:00"
3938735700,451.21000000000004,"2024-10-24 05:15:00"
3938736000,452.32,"2024-10-24 05:20:00"
3938736300,452.02,"2024-10-24 05:25:00"
3938736600,450.87,"2024-10-24 05:30:00"
3938736900,450.17,"2024-10-24 05:35:00"
3938737200,450.25,"2024-10-24 05:40:00"
3938737500,451.48,"2024-10-24 05:45:00"
3938737800,452.15000000000003,"2024-10-24 05:50:00"
3938738100,452.21000000000004,"2024-10-24 05:55:00"
3938738400,451.7,"2024-10-24 06:00:00"
3938738700,451.28000000000003,"2024-10-24 06:05:00"
3938739000,451.35,"2024-10-24 06:10:00"
3938739300,453.11,"2024-10-24 06:15:00"
3938739600,453.66,"2024-10-24 06:20:00"
3938739900,453.37,"2024-10-24 06:25:00"
3938740200,452.95,"2024-10-24 06:30:00"
3938740500,452.6,"2024-10-24 06:35:00"
3938740800,451.83,"2024-10-24 06:40:00"
3938741100,453.11,"2024-10-24 06:45:00"
3938741400,453.22,"2024-10-24 06:50:00"
3938741700,452.79,"2024-10-24 06:55:00"
3938742000,451.66,"2024-10-24 07:00:00"
3938742300,452.85,"2024-10-24 07:05:00"
3938742600,454.33,"2024-10-24 07:10:00"
3938742900,454.86,"2024-10-24 07:15:00"
3938743200,456.8,"2024-10-24 07:20:00"
3938743500,456.35,"2024-10-24 07:25:00"
3938743800,455.98,"2024-10-24 07:30:00"
3938744100,455.38,"2024-10-24 07:35:00"
3938744400,455.14,"2024-10-24 07:40:00"
3938744700,455.15000000000003,"2024-10-24 07:45:00"
3938745000,454.85,"2024-10-24 07:50:00"
3938745300,455.86,"2024-10-24 07:55:00"
3938745600,457.3,"2024-10-24 08:00:00"
3938745900,454.74,"2024-10-24 08:05:00"
3938746200,455.91,"2024-10-24 08:10:00"
3938746500,456.39,"2024-10-24 08:15:00"
3938746800,454.62,"2024-10-24 08:20:00"
3938747100,452.75,"2024-10-24 08:25:00"
3938747400,453.53000000000003,"2024-10-24 08:30:00"
3938747700,452.05,"2024-10-24 08:35:00"
3938748000,454.59000000000003,"2024-10-24 08:40:00"
3938748300,452.3,"2024-10-24 08:45:00"
3938748600,452.18,"2024-10-24 08:50:00"
3938748900,452.32,"2024-10-24 08:55:00"
3938749200,453.39,"2024-10-24 09:00:00"
3938749500,452.23,"2024-10-24 09:05:00"
3938749800,451.26,"2024-10-24 09:10:00"
3938750100,450.07,"2024-10-24 09:15:00"
3938750400,446.47,"2024-10-24 09:20:00"
3938750700,445.48,"2024-10-24 09:25:00"
3938751000,445.53000000000003,"2024-10-24 09:30:00"
3938751300,445.77,"2024-10-24 09:35:00"
3938751600,448.06,"2024-10-24 09:40:00"
3938751900,450.04,"2024-10-24 09:45:00"
3938752200,448.87,"2024-10-24 09:50:00"
3938752500,447.92,"2024-10-24 09:55:00"
3938752800,449.69,"2024-10-24 10:00:00"
3938753100,448.46000000000004,"2024-10-24 10:05:00"
3938753400,448.04,"2024-10-24 10:10:00"
3938753700,445.32,"2024-10-24 10:15:00"
3938754000,444.99,"2024-10-24 10:20:00"
3938754300,447.05,"2024-10-24 10:25:00"
3938754600,446.2,"2024-10-24 10:30:00"
3938754900,447.29,"2024-10-24 10:35:00"
3938755200,447.49,"2024-10-24 10:40:00"
3938755500,445.75,"2024-10-24 10:45:00"
3938755800,447.45,"2024-10-24 10:50:00"
3938756100,446.99,"2024-10-24 10:55:00"
3938756400,447.22,"2024-10-24 11:00:00"
3938756700,444.13,"2024-10-24 11:05:00"
3938757000,443.08,"2024-10-24 11:10:00"
3938757300,442.65000000000003,"2024-10-24 11:15:00"
3938757600,442.6,"2024-10-24 11:20:00"
3938757900,443.28000000000003,"2024-10-24 11:25:00"
3938758200,443.44,"2024-10-24 11:30:00"
3938758500,443.29,"2024-10-24 11:35:00"
3938758800,443.14,"2024-10-24 11:40:00"
3938759100,442.24,"2024-10-24 11:45:00"
3938759400,441.98,"2024-10-24 11:50:00"
3938759700,444.19,"2024-10-24 11:55:00"
3938760000,444.49,"2024-10-24 12:00:00"
3938760300,444.31,"2024-10-24 12:05:00"
3938760600,444.52,"2024-10-24 12:10:00"
3938760900,443.17,"2024-10-24 12:15:00"
3938761200,442.04,"2024-10-24 12:20:00"
3938761500,443.37,"2024-10-24 12:25:00"
3938761800,444.6,"2024-10-24 12:30:00"
3938762100,454.05,"2024-10-24 12:35:00"
3938762400,459.03000000000003,"2024-10-24 12:40:00"
3938762700,468.02,"2024-10-24 12:45:00"
3938763000,450.88,"2024-10-24 12:50:00"
3938763300,446.32,"2024-10-24 12:55:00"
3938763600,446.03000000000003,"2024-10-24 13:00:00"
3938763900,449.86,"2024-10-24 13:05:00"
3938764200,457.6,"2024-10-24 13:10:00"
3938764500,451.14,"2024-10-24 13:15:00"
3938764800,445.07,"2024-10-24 13:20:00"
3938765100,443.34000000000003,"2024-10-24 13:25:00"
3938765400,443.28000000000003,"2024-10-24 13:30:00"
3938765700,443.94,"2024-10-24 13:35:00"
3938766000,445.21000000000004,"2024-10-24 13:40:00"
3938766300,442.79,"2024-10-24 13:45:00"
3938766600,441.88,"2024-10-24 13:50:00"
3938766900,441.79,"2024-10-24 13:55:00"
3938767200,442.33,"2024-10-24 14:00:00"
3938767500,443.51,"2024-10-24 14:05:00"
3938767800,444.57,"2024-10-24 14:10:00"
3938768100,444.1,"2024-10-24 14:15:00"
3938768400,445.12,"2024-10-24 14:20:00"
3938768700,443.5,"2024-10-24 14:25:00"
3938769000,447.6,"2024-10-24 14:30:00"
3938769300,445.18,"2024-10-24 14:35:00"
3938769600,444.44,"2024-10-24 14:40:00"
3938769900,444.14,"2024-10-24 14:45:00"
3938770200,445.89,"2024-10-24 14:50:00"
3938770500,446.93,"2024-10-24 14:55:00"
3938770800,448.71000000000004,"2024-10-24 15:00:00"
3938771100,447.88,"2024-10-24 15:05:00"
3938771400,446.93,"2024-10-24 15:10:00"
3938771700,448.91,"2024-10-24 15:15:00"
3938772000,448.88,"2024-10-24 15:20:00"
3938772300,448.84000000000003,"2024-10-24 15:25:00"
3938772600,449.58,"2024-10-24 15:30:00"
3938772900,447.86,"2024-10-24 15:35:00"
3938773200,448.45,"2024-10-24 15:40:00"
3938773500,447.69,"2024-10-24 15:45:00"
3938773800,447.74,"2024-10-24 15:50:00"
3938774100,446.87,"2024-10-24 15:55:00"
3938774400,447.8,"2024-10-24 16:00:00"
3938774700,447.32,"2024-10-24 16:05:00"
3938775000,447.38,"2024-10-24 16:10:00"
3938775300,448.19,"2024-10-24 16:15:00"
3938775600,448.27,"2024-10-24 16:20:00"
3938775900,447.91,"2024-10-24 16:25:00"
3938776200,448.5,"2024-10-24 16:30:00"
3938776500,448.21000000000004,"2024-10-24 16:35:00"
3938776800,448.26,"2024-10-24 16:40:00"
3938777100,449.08,"2024-10-24 16:45:00"
3938777400,450.68,"2024-10-24 16:50:00"
3938777700,451.08,"2024-10-24 16:55:00"
3938778000,451.67,"2024-10-24 17:00:00"
3938778300,450.62,"2024-10-24 17:05:00"
3938778600,451.13,"2024-10-24 17:10:00"
3938778900,450.73,"2024-10-24 17:15:00"
3938779200,450.38,"2024-10-24 17:20:00"
3938779500,449.93,"2024-10-24 17:25:00"
3938779800,450.31,"2024-10-24 17:30:00"
3938780100,451.52,"2024-10-24 17:35:00"
3938780400,452.63,"2024-10-24 17:40:00"
3938780700,451.56,"2024-10-24 17:45:00"
3938781000,451.05,"2024-10-24 17:50:00"
3938781300,450.51,"2024-10-24 17:55:00"
3938781600,451.06,"2024-10-24 18:00:00"
3938781900,450.61,"2024-10-24 18:05:00"
3938782200,451.19,"2024-10-24 18:10:00"
3938782500,453.42,"2024-10-24 18:15:00"
3938782800,453.40000000000003,"2024-10-24 18:20:00"
3938783100,452.5,"2024-10-24 18:25:00"
3938783400,452.27,"2024-10-24 18:30:00"
3938783700,452.89,"2024-10-24 18:35:00"
3938784000,452.49,"2024-10-24 18:40:00"
3938784300,451.42,"2024-10-24 18:45:00"
3938784600,451.82,"2024-10-24 18:50:00"
3938784900,452.59000000000003,"2024-10-24 18:55:00"
3938785200,452.90000000000003,"2024-10-24 19:00:00"
3938785500,450.96000000000004,"2024-10-24 19:05:00"
3938785800,450.67,"2024-10-24 19:10:00"
3938786100,450.40000000000003,"2024-10-24 19:15:00"
3938786400,450.99,"2024-10-24 19:20:00"
3938786700,451.25,"2024-10-24 19:25:00"
3938787000,452.56,"2024-10-24 19:30:00"
3938787300,452.99,"2024-10-24 19:35:00"
3938787600,452.1,"2024-10-24 19:40:00"
3938787900,449.85,"2024-10-24 19:45:00"
3938788200,449.23,"2024-10-24 19:50:00"
3938788500,450.14,"2024-10-24 19:55:00"
3938788800,452.45,"2024-10-24 20:00:00"
3938789100,453.36,"2024-10-24 20:05:00"
3938789400,455.48,"2024-10-24 20:10:00"
3938789700,454.6,"2024-10-24 20:15:00"
3938790000,453.46000000000004,"2024-10-24 20:20:00"
3938790300,452.71000000000004,"2024-10-24 20:25:00"
3938790600,454.19,"2024-10-24 20:30:00"
3938790900,452.75,"2024-10-24 20:35:00"
3938791200,452.26,"2024-10-24 20:40:00"
3938791500,452.83,"2024-10-24 20:45:00"
3938791800,453.54,"2024-10-24 20:50:00"
3938792100,452.55,"2024-10-24 20:55:00"
3938792400,452.42,"2024-10-24 21:00:00"
3938792700,452.53000000000003,"2024-10-24 21:05:00"
3938793000,452.88,"2024-10-24 21:10:00"
3938793300,452.47,"2024-10-24 21:15:00"
3938793600,453.5,"2024-10-24 21:20:00"
3938793900,453.68,"2024-10-24 21:25:00"
3938794200,454.,"2024-10-24 21:30:00"
3938794500,453.74,"2024-10-24 21:35:00"
3938794800,453.05,"2024-10-24 21:40:00"
3938795100,453.67,"2024-10-24 21:45:00"
3938795400,452.96000000000004,"2024-10-24 21:50:00"
3938795700,452.71000000000004,"2024-10-24 21:55:00"
3938796000,453.83,"2024-10-24 22:00:00"
3938796300,455.68,"2024-10-24 22:05:00"
3938796600,454.75,"2024-10-24 22:10:00"
3938796900,454.27,"2024-10-24 22:15:00"
3938797200,455.67,"2024-10-24 22:20:00"
3938797500,454.92,"2024-10-24 22:25:00"
3938797800,455.54,"2024-10-24 22:30:00"
3938798100,455.12,"2024-10-24 22:35:00"
3938798400,455.31,"2024-10-24 22:40:00"
3938798700,454.8,"2024-10-24 22:45:00"
3938799000,455.29,"2024-10-24 22:50:00"
3938799300,456.89,"2024-10-24 22:55:00"
3938799600,457.6,"2024-10-24 23:00:00"
3938799900,455.35,"2024-10-24 23:05:00"
3938800200,453.46000000000004,"2024-10-24 23:10:00"
3938800500,453.87,"2024-10-24 23:15:00"
3938800800,453.06,"2024-10-24 23:20:00"
3938801100,451.64,"2024-10-24 23:25:00"
3938801400,450.79,"2024-10-24 23:30:00"
3938801700,450.65000000000003,"2024-10-24 23:35:00"
3938802000,451.22,"2024-10-24 23:40:00"
3938802300,450.83,"2024-10-24 23:45:00"
3938802600,450.74,"2024-10-24 23:50:00"
3938802900,451.56,"2024-10-24 23:55:00"
3938803200,451.55,"2024-10-25 00:00:00"
3938803500,450.19,"2024-10-25 00:05:00"
3938803800,449.84000000000003,"2024-10-25 00:10:00"
3938804100,450.08,"2024-10-25 00:15:00"
3938804400,451.85,"2024-10-25 00:20:00"
3938804700,452.26,"2024-10-25 00:25:00"
3938805000,451.42,"2024-10-25 00:30:00"
3938805300,451.17,"2024-10-25 00:35:00"
3938805600,451.51,"2024-10-25 00:40:00"
3938805900,453.32,"2024-10-25 00:45:00"
3938806200,457.46000000000004,"2024-10-25 00:50:00"
3938806500,456.16,"2024-10-25 00:55:00"
3938806800,452.06,"2024-10-25 01:00:00"
3938807100,452.3,"2024-10-25 01:05:00"
3938807400,453.24,"2024-10-25 01:10:00"
3938807700,451.99,"2024-10-25 01:15:00"
3938808000,451.31,"2024-10-25 01:20:00"
3938808300,453.04,"2024-10-25 01:25:00"
3938808600,452.96000000000004,"2024-10-25 01:30:00"
3938808900,450.93,"2024-10-25 01:35:00"
3938809200,451.42,"2024-10-25 01:40:00"
3938809500,453.66,"2024-10-25 01:45:00"
3938809800,454.56,"2024-10-25 01:50:00"
3938810100,455.94,"2024-10-25 01:55:00"
3938810400,455.78000000000003,"2024-10-25 02:00:00"
3938810700,455.65000000000003,"2024-10-25 02:05:00"
3938811000,454.08,"2024-10-25 02:10:00"
3938811300,452.71000000000004,"2024-10-25 02:15:00"
3938811600,453.33,"2024-10-25 02:20:00"
3938811900,453.14,"2024-10-25 02:25:00"
3938812200,453.34000000000003,"2024-10-25 02:30:00"
3938812500,454.43,"2024-10-25 02:35:00"
3938812800,455.84000000000003,"2024-10-25 02:40:00"
3938813100,455.51,"2024-10-25 02:45:00"
3938813400,456.2,"2024-10-25 02:50:00"
3938813700,455.55,"2024-10-25 02:55:00"
3938814000,455.81,"2024-10-25 03:00:00"
3938814300,456.73,"2024-10-25 03:05:00"
3938814600,455.84000000000003,"2024-10-25 03:10:00"
3938814900,455.75,"2024-10-25 03:15:00"
3938815200,455.8,"2024-10-25 03:20:00"
3938815500,456.1,"2024-10-25 03:25:00"
3938815800,456.40000000000003,"2024-10-25 03:30:00"
3938816100,458.54,"2024-10-25 03:35:00"
3938816400,457.13,"2024-10-25 03:40:00"
3938816700,455.90000000000003,"2024-10-25 03:45:00"
3938817000,455.5,"2024-10-25 03:50:00"
3938817300,454.87,"2024-10-25 03:55:00"
3938817600,455.62,"2024-10-25 04:00:00"
3938817900,454.82,"2024-10-25 04:05:00"
3938818200,455.82,"2024-10-25 04:10:00"
3938818500,457.46000000000004,"2024-10-25 04:15:00"
3938818800,456.63,"2024-10-25 04:20:00"
3938819100,456.26,"2024-10-25 04:25:00"
3938819400,455.06,"2024-10-25 04:30:00"
3938819700,454.52,"2024-10-25 04:35:00"
3938820000,456.3,"2024-10-25 04:40:00"
3938820300,457.34000000000003,"2024-10-25 04:45:00"
3938820600,458.34000000000003,"2024-10-25 04:50:00"
3938820900,457.29,"2024-10-25 04:55:00"
3938821200,457.74,"2024-10-25 05:00:00"
3938821500,458.75,"2024-10-25 05:05:00"
3938821800,462.63,"2024-10-25 05:10:00"
3938822100,462.77,"2024-10-25 05:15:00"
3938822400,461.12,"2024-10-25 05:20:00"
3938822700,457.61,"2024-10-25 05:25:00"
3938823000,458.87,"2024-10-25 05:30:00"
3938823300,460.57,"2024-10-25 05:35:00"
3938823600,459.78000000000003,"2024-10-25 05:40:00"
3938823900,458.87,"2024-10-25 05:45:00"
3938824200,457.7,"2024-10-25 05:50:00"
3938824500,456.82,"2024-10-25 05:55:00"
3938824800,457.02,"2024-10-25 06:00:00"
3938825100,459.09000000000003,"2024-10-25 06:05:00"
3938825400,459.74,"2024-10-25 06:10:00"
3938825700,461.81,"2024-10-25 06:15:00"
3938826000,462.47,"2024-10-25 06:20:00"
3938826300,461.44,"2024-10-25 06:25:00"
3938826600,461.81,"2024-10-25 06:30:00"
3938826900,466.24,"2024-10-25 06:35:00"
3938827200,463.43,"2024-10-25 06:40:00"
3938827500,462.54,"2024-10-25 06:45:00"
3938827800,461.41,"2024-10-25 06:50:00"
3938828100,461.12,"2024-10-25 06:55:00"
3938828400,462.99,"2024-10-25 07:00:00"
3938828700,463.23,"2024-10-25 07:05:00"
3938829000,462.40000000000003,"2024-10-25 07:10:00"
3938829300,463.37,"2024-10-25 07:15:00"
3938829600,459.99,"2024-10-25 07:20:00"
3938829900,460.82,"2024-10-25 07:25:00"
3938830200,460.21000000000004,"2024-10-25 07:30:00"
3938830500,460.12,"2024-10-25 07:35:00"
3938830800,462.22,"2024-10-25 07:40:00"
3938831100,461.19,"2024-10-25 07:45:00"
3938831400,465.57,"2024-10-25 07:50:00"
3938831700,464.37,"2024-10-25 07:55:00"
3938832000,464.34000000000003,"2024-10-25 08:00:00"
3938832300,463.61,"2024-10-25 08:05:00"
3938832600,462.3,"2024-10-25 08:10:00"
3938832900,461.66,"2024-10-25 08:15:00"
3938833200,461.29,"2024-10-25 08:20:00"
3938833500,463.21000000000004,"2024-10-25 08:25:00"
3938833800,459.86,"2024-10-25 08:30:00"
3938834100,458.42,"2024-10-25 08:35:00"
3938834400,458.14,"2024-10-25 08:40:00"
3938834700,457.49,"2024-10-25 08:45:00"
3938835000,457.59000000000003,"2024-10-25 08:50:00"
3938835300,458.5,"2024-10-25 08:55:00"
3938835600,459.17,"2024-10-25 09:00:00"
3938835900,457.98,"2024-10-25 09:05:00"
3938836200,456.85,"2024-10-25 09:10:00"
3938836500,456.13,"2024-10-25 09:15:00"
3938836800,455.66,"2024-10-25 09:20:00"
3938837100,454.92,"2024-10-25 09:25:00"
3938837400,454.52,"2024-10-25 09:30:00"
3938837700,454.05,"2024-10-25 09:35:00"
3938838000,452.78000000000003,"2024-10-25 09:40:00"
3938838300,453.29,"2024-10-25 09:45:00"
3938838600,451.98,"2024-10-25 09:50:00"
3938838900,452.99,"2024-10-25 09:55:00"
3938839200,453.21000000000004,"2024-10-25 10:00:00"
3938839500,455.92,"2024-10-25 10:05:00"
3938839800,453.69,"2024-10-25 10:10:00"
3938840100,451.75,"2024-10-25 10:15:00"
3938840400,452.21000000000004,"2024-10-25 10:20:00"
3938840700,449.69,"2024-10-25 10:25:00"
3938841000,450.38,"2024-10-25 10:30:00"
3938841300,452.35,"2024-10-25 10:35:00"
3938841600,453.24,"2024-10-25 10:40:00"
3938841900,452.88,"2024-10-25 10:45:00"
3938842200,452.37,"2024-10-25 10:50:00"
3938842500,451.33,"2024-10-25 10:55:00"
3938842800,451.32,"2024-10-25 11:00:00"
3938843100,452.04,"2024-10-25 11:05:00"
3938843400,450.43,"2024-10-25 11:10:00"
3938843700,453.25,"2024-10-25 11:15:00"
3938844000,456.25,"2024-10-25 11:20:00"
3938844300,454.45,"2024-10-25 11:25:00"
3938844600,451.66,"2024-10-25 11:30:00"
3938844900,448.77,"2024-10-25 11:35:00"
3938845200,448.7,"2024-10-25 11:40:00"
3938845500,447.58,"2024-10-25 11:45:00"
3938845800,447.59000000000003,"2024-10-25 11:50:00"
3938846100,448.3,"2024-10-25 11:55:00"
3938846400,451.25,"2024-10-25 12:00:00"
3938846700,451.57,"2024-10-25 12:05:00"
3938847000,450.63,"2024-10-25 12:10:00"
3938847300,451.06,"2024-10-25 12:15:00"
3938847600,452.05,"2024-10-25 12:20:00"
3938847900,452.69,"2024-10-25 12:25:00"
3938848200,453.03000000000003,"2024-10-25 12:30:00"
3938848500,452.34000000000003,"2024-10-25 12:35:00"
3938848800,452.5,"2024-10-25 12:40:00"
3938849100,453.75,"2024-10-25 12:45:00"
3938849400,453.97,"2024-10-25 12:50:00"
3938849700,453.58,"2024-10-25 12:55:00"
3938850000,455.31,"2024-10-25 13:00:00"
3938850300,454.37,"2024-10-25 13:05:00"
3938850600,453.25,"2024-10-25 13:10:00"
3938850900,453.32,"2024-10-25 13:15:00"
3938851200,453.86,"2024-10-25 13:20:00"
3938851500,456.04,"2024-10-25 13:25:00"
3938851800,456.41,"2024-10-25 13:30:00"
3938852100,455.87,"2024-10-25 13:35:00"
3938852400,455.31,"2024-10-25 13:40:00"
3938852700,454.22,"2024-10-25 13:45:00"
3938853000,455.21000000000004,"2024-10-25 13:50:00"
3938853300,454.73,"2024-10-25 13:55:00"
3938853600,456.75,"2024-10-25 14:00:00"
3938853900,457.25,"2024-10-25 14:05:00"
3938854200,456.65000000000003,"2024-10-25 14:10:00"
3938854500,455.35,"2024-10-25 14:15:00"
3938854800,454.19,"2024-10-25 14:20:00"
3938855100,455.07,"2024-10-25 14:25:00"
3938855400,455.48,"2024-10-25 14:30:00"
3938855700,457.28000000000003,"2024-10-25 14:35:00"
3938856000,456.76,"2024-10-25 14:40:00"
3938856300,458.34000000000003,"2024-10-25 14:45:00"
3938856600,457.84000000000003,"2024-10-25 14:50:00"
3938856900,458.3,"2024-10-25 14:55:00"
3938857200,456.33,"2024-10-25 15:00:00"
3938857500,456.,"2024-10-25 15:05:00"
3938857800,456.92,"2024-10-25 15:10:00"
3938858100,457.93,"2024-10-25 15:15:00"
3938858400,458.56,"2024-10-25 15:20:00"
3938858700,459.28000000000003,"2024-10-25 15:25:00"
3938859000,459.98,"2024-10-25 15:30:00"
3938859300,460.01,"2024-10-25 15:35:00"
3938859600,458.98,"2024-10-25 15:40:00"
3938859900,461.40000000000003,"2024-10-25 15:45:00"
3938860200,463.09000000000003,"2024-10-25 15:50:00"
3938860500,464.6,"2024-10-25 15:55:00"
3938860800,462.03000000000003,"2024-10-25 16:00:00"
3938861100,462.40000000000003,"2024-10-25 16:05:00"
3938861400,463.8,"2024-10-25 16:10:00"
3938861700,464.51,"2024-10-25 16:15:00"
3938862000,462.14,"2024-10-25 16:20:00"
3938862300,462.42,"2024-10-25 16:25:00"
3938862600,462.08,"2024-10-25 16:30:00"
3938862900,461.12,"2024-10-25 16:35:00"
3938863200,456.07,"2024-10-25 16:40:00"
3938863500,447.85,"2024-10-25 16:45:00"
3938863800,442.62,"2024-10-25 16:50:00"
3938864100,442.84000000000003,"2024-10-25 16:55:00"
3938864400,445.1,"2024-10-25 17:00:00"
3938864700,443.34000000000003,"2024-10-25 17:05:00"
3938865000,442.79,"2024-10-25 17:10:00"
3938865300,441.,"2024-10-25 17:15:00"
3938865600,439.69,"2024-10-25 17:20:00"
3938865900,438.99,"2024-10-25 17:25:00"
3938866200,439.75,"2024-10-25 17:30:00"
3938866500,439.6,"2024-10-25 17:35:00"
3938866800,441.6,"2024-10-25 17:40:00"
3938867100,441.77,"2024-10-25 17:45:00"
3938867400,442.25,"2024-10-25 17:50:00"
3938867700,442.06,"2024-10-25 17:55:00"
3938868000,441.85,"2024-10-25 18:00:00"
3938868300,443.92,"2024-10-25 18:05:00"
3938868600,448.52,"2024-10-25 18:10:00"
3938868900,446.49,"2024-10-25 18:15:00"
3938869200,443.85,"2024-10-25 18:20:00"
3938869500,443.8,"2024-10-25 18:25:00"
3938869800,445.39,"2024-10-25 18:30:00"
3938870100,445.71000000000004,"2024-10-25 18:35:00"
3938870400,447.19,"2024-10-25 18:40:00"
3938870700,445.75,"2024-10-25 18:45:00"
3938871000,444.67,"2024-10-25 18:50:00"
3938871300,445.32,"2024-10-25 18:55:00"
3938871600,446.,"2024-10-25 19:00:00"
3938871900,448.03000000000003,"2024-10-25 19:05:00"
3938872200,447.40000000000003,"2024-10-25 19:10:00"
3938872500,448.40000000000003,"2024-10-25 19:15:00"
3938872800,450.77,"2024-10-25 19:20:00"
3938873100,454.06,"2024-10-25 19:25:00"
3938873400,452.38,"2024-10-25 19:30:00"
3938873700,450.39,"2024-10-25 19:35:00"
3938874000,450.98,"2024-10-25 19:40:00"
3938874300,450.74,"2024-10-25 19:45:00"
3938874600,451.65000000000003,"2024-10-25 19:50:00"
3938874900,453.13,"2024-10-25 19:55:00"
3938875200,454.7,"2024-10-25 20:00:00"
3938875500,452.55,"2024-10-25 20:05:00"
3938875800,452.32,"2024-10-25 20:10:00"
3938876100,455.07,"2024-10-25 20:15:00"
3938876400,455.34000000000003,"2024-10-25 20:20:00"
3938876700,462.3,"2024-10-25 20:25:00"
3938877000,464.78000000000003,"2024-10-25 20:30:00"
3938877300,467.71000000000004,"2024-10-25 20:35:00"
3938877600,465.87,"2024-10-25 20:40:00"
3938877900,462.1,"2024-10-25 20:45:00"
3938878200,461.55,"2024-10-25 20:50:00"
3938878500,460.03000000000003,"2024-10-25 20:55:00"
3938878800,460.78000000000003,"2024-10-25 21:00:00"
3938879100,460.33,"2024-10-25 21:05:00"
3938879400,460.68,"2024-10-25 21:10:00"
3938879700,461.72,"2024-10-25 21:15:00"
3938880000,462.01,"2024-10-25 21:20:00"
3938880300,462.72,"2024-10-25 21:25:00"
3938880600,463.84000000000003,"2024-10-25 21:30:00"
3938880900,466.92,"2024-10-25 21:35:00"
3938881200,469.7,"2024-10-25 21:40:00"
3938881500,471.12,"2024-10-25 21:45:00"
3938881800,468.74,"2024-10-25 21:50:00"
3938882100,467.03000000000003,"2024-10-25 21:55:00"
3938882400,466.6,"2024-10-25 22:00:00"
3938882700,468.69,"2024-10-25 22:05:00"
3938883000,469.68,"2024-10-25 22:10:00"
3938883300,470.59000000000003,"2024-10-25 22:15:00"
3938883600,471.38,"2024-10-25 22:20:00"
3938883900,472.,"2024-10-25 22:25:00"
3938884200,472.56,"2024-10-25 22:30:00"
3938884500,473.11,"2024-10-25 22:35:00"
3938884800,473.7,"2024-10-25 22:40:00"
3938885100,474.14,"2024-10-25 22:45:00"
3938885400,474.46000000000004,"2024-10-25 22:50:00"
3938885700,474.74,"2024-10-25 22:55:00"
3938886000,474.96000000000004,"2024-10-25 23:00:00"
3938886300,475.12,"2024-10-25 23:05:00"
3938886600,474.93,"2024-10-25 23:10:00"
3938886900,474.84000000000003,"2024-10-25 23:15:00"
3938887200,475.32,"2024-10-25 23:20:00"
3938887500,475.68,"2024-10-25 23:25:00"
3938887800,475.68,"2024-10-25 23:30:00"
3938888100,475.33,"2024-10-25 23:35:00"
3938888400,474.95,"2024-10-25 23:40:00"
3938888700,474.7,"2024-10-25 23:45:00"
3938889000,474.65000000000003,"2024-10-25 23:50:00"
3938889300,474.76,"2024-10-25 23:55:00"
3938889600,475.24,"2024-10-26 00:00:00"
3938889900,475.64,"2024-10-26 00:05:00"
3938890200,475.74,"2024-10-26 00:10:00"
3938890500,475.86,"2024-10-26 00:15:00"
3938890800,476.25,"2024-10-26 00:20:00"
3938891100,476.89,"2024-10-26 00:25:00"
3938891400,477.47,"2024-10-26 00:30:00"
3938891700,478.02,"2024-10-26 00:35:00"
3938892000,478.96000000000004,"2024-10-26 00:40:00"
3938892300,479.73,"2024-10-26 00:45:00"
3938892600,479.8,"2024-10-26 00:50:00"
3938892900,479.5,"2024-10-26 00:55:00"
3938893200,479.29,"2024-10-26 01:00:00"
3938893500,479.55,"2024-10-26 01:05:00"
3938893800,479.99,"2024-10-26 01:10:00"
3938894100,480.22,"2024-10-26 01:15:00"
3938894400,480.18,"2024-10-26 01:20:00"
3938894700,480.01,"2024-10-26 01:25:00"
3938895000,479.95,"2024-10-26 01:30:00"
3938895300,480.1,"2024-10-26 01:35:00"
3938895600,480.26,"2024-10-26 01:40:00"
3938895900,480.57,"2024-10-26 01:45:00"
3938896200,481.08,"2024-10-26 01:50:00"
3938896500,481.61,"2024-10-26 01:55:00"
3938896800,482.22,"2024-10-26 02:00:00"
3938897100,482.66,"2024-10-26 02:05:00"
3938897400,483.32,"2024-10-26 02:10:00"
3938897700,484.04,"2024-10-26 02:15:00"
3938898000,484.45,"2024-10-26 02:20:00"
3938898300,484.96000000000004,"2024-10-26 02:25:00"
3938898600,485.35,"2024-10-26 02:30:00"
3938898900,485.67,"2024-10-26 02:35:00"
3938899200,485.85,"2024-10-26 02:40:00"
3938899500,485.6,"2024-10-26 02:45:00"
3938899800,485.17,"2024-10-26 02:50:00"
3938900100,485.3,"2024-10-26 02:55:00"
3938900400,485.7,"2024-10-26 03:00:00"
3938900700,485.84000000000003,"2024-10-26 03:05:00"
3938901000,485.99,"2024-10-26 03:10:00"
3938901300,485.89,"2024-10-26 03:15:00"
3938901600,485.73,"2024-10-26 03:20:00"
3938901900,485.68,"2024-10-26 03:25:00"
3938902200,485.90000000000003,"2024-10-26 03:30:00"
3938902500,486.09000000000003,"2024-10-26 03:35:00"
3938902800,486.26,"2024-10-26 03:40:00"
3938903100,486.47,"2024-10-26 03:45:00"
3938903400,486.53000000000003,"2024-10-26 03:50:00"
3938903700,486.8,"2024-10-26 03:55:00"
3938904000,487.28000000000003,"2024-10-26 04:00:00"
3938904300,488.03000000000003,"2024-10-26 04:05:00"
3938904600,489.11,"2024-10-26 04:10:00"
3938904900,490.56,"2024-10-26 04:15:00"
3938905200,490.77,"2024-10-26 04:20:00"
3938905500,490.67,"2024-10-26 04:25:00"
3938905800,491.98,"2024-10-26 04:30:00"
3938906100,492.88,"2024-10-26 04:35:00"
3938906400,492.97,"2024-10-26 04:40:00"
3938906700,493.47,"2024-10-26 04:45:00"
3938907000,494.38,"2024-10-26 04:50:00"
3938907300,495.49,"2024-10-26 04:55:00"
3938907600,496.85,"2024-10-26 05:00:00"
3938907900,498.5,"2024-10-26 05:05:00"
3938908200,499.93,"2024-10-26 05:10:00"
3938908500,500.40000000000003,"2024-10-26 05:15:00"
3938908800,500.92,"2024-10-26 05:20:00"
3938909100,501.8,"2024-10-26 05:25:00"
3938909400,501.90000000000003,"2024-10-26 05:30:00"
3938909700,501.41,"2024-10-26 05:35:00"
3938910000,502.36,"2024-10-26 05:40:00"
3938910300,503.45,"2024-10-26 05:45:00"
3938910600,504.19,"2024-10-26 05:50:00"
3938910900,504.97,"2024-10-26 05:55:00"
3938911200,509.55,"2024-10-26 06:00:00"
3938911500,517.58,"2024-10-26 06:05:00"
3938911800,515.52,"2024-10-26 06:10:00"
3938912100,512.41,"2024-10-26 06:15:00"
3938912400,514.2,"2024-10-26 06:20:00"
3938912700,515.48,"2024-10-26 06:25:00"
3938913000,523.15,"2024-10-26 06:30:00"
3938913300,526.8100000000001,"2024-10-26 06:35:00"
3938913600,535.25,"2024-10-26 06:40:00"
3938913900,532.88,"2024-10-26 06:45:00"
3938914200,531.53,"2024-10-26 06:50:00"
3938914500,530.39,"2024-10-26 06:55:00"
3938914800,527.4,"2024-10-26 07:00:00"
3938915100,529.86,"2024-10-26 07:05:00"
3938915400,530.89,"2024-10-26 07:10:00"
3938915700,528.96,"2024-10-26 07:15:00"
3938916000,528.76,"2024-10-26 07:20:00"
3938916300,524.75,"2024-10-26 07:25:00"
3938916600,521.66,"2024-10-26 07:30:00"
3938916900,521.48,"2024-10-26 07:35:00"
3938917200,520.2,"2024-10-26 07:40:00"
3938917500,521.49,"2024-10-26 07:45:00"
3938917800,517.6800000000001,"2024-10-26 07:50:00"
3938918100,522.9300000000001,"2024-10-26 07:55:00"
3938918400,527.15,"2024-10-26 08:00:00"
3938918700,526.05,"2024-10-26 08:05:00"
3938919000,526.22,"2024-10-26 08:10:00"
3938919300,534.02,"2024-10-26 08:15:00"
3938919600,545.83,"2024-10-26 08:20:00"
3938919900,554.1,"2024-10-26 08:25:00"
3938920200,552.46,"2024-10-26 08:30:00"
3938920500,546.17,"2024-10-26 08:35:00"
3938920800,542.03,"2024-10-26 08:40:00"
3938921100,539.55,"2024-10-26 08:45:00"
3938921400,536.16,"2024-10-26 08:50:00"
3938921700,533.53,"2024-10-26 08:55:00"
3938922000,533.41,"2024-10-26 09:00:00"
3938922300,524.2,"2024-10-26 09:05:00"
3938922600,512.61,"2024-10-26 09:10:00"
3938922900,503.35,"2024-10-26 09:15:00"
3938923200,497.33,"2024-10-26 09:20:00"
3938923500,493.68,"2024-10-26 09:25:00"
3938923800,492.76,"2024-10-26 09:30:00"
3938924100,494.04,"2024-10-26 09:35:00"
3938924400,487.21000000000004,"2024-10-26 09:40:00"
3938924700,481.53000000000003,"2024-10-26 09:45:00"
3938925000,476.21000000000004,"2024-10-26 09:50:00"
3938925300,473.74,"2024-10-26 09:55:00"
3938925600,468.98,"2024-10-26 10:00:00"
3938925900,466.48,"2024-10-26 10:05:00"
3938926200,466.6,"2024-10-26 10:10:00"
3938926500,468.01,"2024-10-26 10:15:00"
3938926800,465.15000000000003,"2024-10-26 10:20:00"
3938927100,467.09000000000003,"2024-10-26 10:25:00"
3938927400,465.17,"2024-10-26 10:30:00"
3938927700,463.87,"2024-10-26 10:35:00"
3938928000,461.42,"2024-10-26 10:40:00"
3938928300,460.57,"2024-10-26 10:45:00"
3938928600,456.11,"2024-10-26 10:50:00"
3938928900,451.76,"2024-10-26 10:55:00"
3938929200,448.2,"2024-10-26 11:00:00"
3938929500,446.06,"2024-10-26 11:05:00"
3938929800,446.08,"2024-10-26 11:10:00"
3938930100,445.85,"2024-10-26 11:15:00"
3938930400,445.65000000000003,"2024-10-26 11:20:00"
3938930700,447.31,"2024-10-26 11:25:00"
3938931000,449.08,"2024-10-26 11:30:00"
3938931300,449.97,"2024-10-26 11:35:00"
3938931600,449.91,"2024-10-26 11:40:00"
3938931900,450.28000000000003,"2024-10-26 11:45:00"
3938932200,451.23,"2024-10-26 11:50:00"
3938932500,452.42,"2024-10-26 11:55:00"
3938932800,452.95,"2024-10-26 12:00:00"
3938933100,455.35,"2024-10-26 12:05:00"
3938933400,458.25,"2024-10-26 12:10:00"
3938933700,458.35,"2024-10-26 12:15:00"
3938934000,457.25,"2024-10-26 12:20:00"
3938934300,456.49,"2024-10-26 12:25:00"
3938934600,458.37,"2024-10-26 12:30:00"
3938934900,458.94,"2024-10-26 12:35:00"
3938935200,458.48,"2024-10-26 12:40:00"
3938935500,458.77,"2024-10-26 12:45:00"
3938935800,460.11,"2024-10-26 12:50:00"
3938936100,460.99,"2024-10-26 12:55:00"
3938936400,462.6,"2024-10-26 13:00:00"
3938936700,464.57,"2024-10-26 13:05:00"
3938937000,465.7,"2024-10-26 13:10:00"
3938937300,465.07,"2024-10-26 13:15:00"
3938937600,461.72,"2024-10-26 13:20:00"
3938937900,459.69,"2024-10-26 13:25:00"
3938938200,459.6,"2024-10-26 13:30:00"
3938938500,457.99,"2024-10-26 13:35:00"
3938938800,455.16,"2024-10-26 13:40:00"
3938939100,454.96000000000004,"2024-10-26 13:45:00"
3938939400,456.98,"2024-10-26 13:50:00"
3938939700,455.19,"2024-10-26 13:55:00"
3938940000,451.47,"2024-10-26 14:00:00"
3938940300,448.66,"2024-10-26 14:05:00"
3938940600,446.83,"2024-10-26 14:10:00"
3938940900,445.02,"2024-10-26 14:15:00"
3938941200,446.92,"2024-10-26 14:20:00"
3938941500,447.49,"2024-10-26 14:25:00"
3938941800,447.29,"2024-10-26 14:30:00"
3938942100,445.05,"2024-10-26 14:35:00"
3938942400,444.3,"2024-10-26 14:40:00"
3938942700,444.18,"2024-10-26 14:45:00"
3938943000,443.74,"2024-10-26 14:50:00"
3938943300,447.79,"2024-10-26 14:55:00"
3938943600,448.23,"2024-10-26 15:00:00"
3938943900,450.3,"2024-10-26 15:05:00"
3938944200,448.51,"2024-10-26 15:10:00"
3938944500,446.97,"2024-10-26 15:15:00"
3938944800,444.22,"2024-10-26 15:20:00"
3938945100,443.11,"2024-10-26 15:25:00"
3938945400,443.75,"2024-10-26 15:30:00"
3938945700,446.1,"2024-10-26 15:35:00"
3938946000,446.04,"2024-10-26 15:40:00"
3938946300,445.41,"2024-10-26 15:45:00"
3938946600,444.58,"2024-10-26 15:50:00"
3938946900,444.7,"2024-10-26 15:55:00"
3938947200,446.42,"2024-10-26 16:00:00"
3938947500,449.21000000000004,"2024-10-26 16:05:00"
3938947800,456.19,"2024-10-26 16:10:00"
3938948100,459.63,"2024-10-26 16:15:00"
3938948400,459.65000000000003,"2024-10-26 16:20:00"
3938948700,457.03000000000003,"2024-10-26 16:25:00"
3938949000,453.97,"2024-10-26 16:30:00"
3938949300,451.61,"2024-10-26 16:35:00"
3938949600,451.11,"2024-10-26 16:40:00"
3938949900,452.06,"2024-10-26 16:45:00"
3938950200,453.86,"2024-10-26 16:50:00"
3938950500,460.23,"2024-10-26 16:55:00"
3938950800,460.21000000000004,"2024-10-26 17:00:00"
3938951100,459.6,"2024-10-26 17:05:00"
3938951400,460.36,"2024-10-26 17:10:00"
3938951700,461.29,"2024-10-26 17:15:00"
3938952000,461.62,"2024-10-26 17:20:00"
3938952300,462.68,"2024-10-26 17:25:00"
3938952600,464.18,"2024-10-26 17:30:00"
3938952900,464.56,"2024-10-26 17:35:00"
3938953200,463.76,"2024-10-26 17:40:00"
3938953500,463.04,"2024-10-26 17:45:00"
3938953800,462.37,"2024-10-26 17:50:00"
3938954100,461.72,"2024-10-26 17:55:00"
3938954400,461.39,"2024-10-26 18:00:00"
3938954700,461.2,"2024-10-26 18:05:00"
3938955000,460.72,"2024-10-26 18:10:00"
3938955300,460.41,"2024-10-26 18:15:00"
3938955600,459.8,"2024-10-26 18:20:00"
3938955900,459.18,"2024-10-26 18:25:00"
3938956200,459.03000000000003,"2024-10-26 18:30:00"
3938956500,459.3,"2024-10-26 18:35:00"
3938956800,459.43,"2024-10-26 18:40:00"
3938957100,459.49,"2024-10-26 18:45:00"
3938957400,459.73,"2024-10-26 18:50:00"
3938957700,460.08,"2024-10-26 18:55:00"
3938958000,460.5,"2024-10-26 19:00:00"
3938958300,460.87,"2024-10-26 19:05:00"
3938958600,461.55,"2024-10-26 19:10:00"
3938958900,461.65000000000003,"2024-10-26 19:15:00"
3938959200,461.43,"2024-10-26 19:20:00"
3938959500,461.34000000000003,"2024-10-26 19:25:00"
3938959800,461.48,"2024-10-26 19:30:00"
3938960100,461.77,"2024-10-26 19:35:00"
3938960400,462.36,"2024-10-26 19:40:00"
3938960700,462.48,"2024-10-26 19:45:00"
3938961000,462.63,"2024-10-26 19:50:00"
3938961300,462.8,"2024-10-26 19:55:00"
3938961600,463.21000000000004,"2024-10-26 20:00:00"
3938961900,463.85,"2024-10-26 20:05:00"
3938962200,464.63,"2024-10-26 20:10:00"
3938962500,465.6,"2024-10-26 20:15:00"
3938962800,466.92,"2024-10-26 20:20:00"
3938963100,468.33,"2024-10-26 20:25:00"
3938963400,469.7,"2024-10-26 20:30:00"
3938963700,470.71000000000004,"2024-10-26 20:35:00"
3938964000,471.09000000000003,"2024-10-26 20:40:00"
3938964300,471.32,"2024-10-26 20:45:00"
3938964600,471.58,"2024-10-26 20:50:00"
3938964900,471.68,"2024-10-26 20:55:00"
3938965200,471.84000000000003,"2024-10-26 21:00:00"
3938965500,471.96000000000004,"2024-10-26 21:05:00"
3938965800,472.38,"2024-10-26 21:10:00"
3938966100,472.69,"2024-10-26 21:15:00"
3938966400,472.86,"2024-10-26 21:20:00"
3938966700,473.09000000000003,"2024-10-26 21:25:00"
3938967000,473.25,"2024-10-26 21:30:00"
3938967300,473.35,"2024-10-26 21:35:00"
3938967600,473.45,"2024-10-26 21:40:00"
3938967900,473.54,"2024-10-26 21:45:00"
3938968200,473.8,"2024-10-26 21:50:00"
3938968500,474.18,"2024-10-26 21:55:00"
3938968800,474.72,"2024-10-26 22:00:00"
3938969100,475.26,"2024-10-26 22:05:00"
3938969400,475.79,"2024-10-26 22:10:00"
3938969700,476.23,"2024-10-26 22:15:00"
3938970000,476.26,"2024-10-26 22:20:00"
3938970300,475.98,"2024-10-26 22:25:00"
3938970600,475.64,"2024-10-26 22:30:00"
3938970900,475.22,"2024-10-26 22:35:00"
3938971200,474.66,"2024-10-26 22:40:00"
3938971500,473.97,"2024-10-26 22:45:00"
3938971800,473.18,"2024-10-26 22:50:00"
3938972100,472.49,"2024-10-26 22:55:00"
3938972400,471.89,"2024-10-26 23:00:00"
3938972700,471.36,"2024-10-26 23:05:00"
3938973000,471.08,"2024-10-26 23:10:00"
3938973300,470.78000000000003,"2024-10-26 23:15:00"
3938973600,470.3,"2024-10-26 23:20:00"
3938973900,469.99,"2024-10-26 23:25:00"
3938974200,469.69,"2024-10-26 23:30:00"
3938974500,469.18,"2024-10-26 23:35:00"
3938974800,468.72,"2024-10-26 23:40:00"
3938975100,468.02,"2024-10-26 23:45:00"
3938975400,467.27,"2024-10-26 23:50:00"
3938975700,466.41,"2024-10-26 23:55:00"
3938976000,465.74,"2024-10-27 00:00:00"
3938976300,465.16,"2024-10-27 00:05:00"
3938976600,464.81,"2024-10-27 00:10:00"
3938976900,464.72,"2024-10-27 00:15:00"
3938977200,464.29,"2024-10-27 00:20:00"
3938977500,464.08,"2024-10-27 00:25:00"
3938977800,463.93,"2024-10-27 00:30:00"
3938978100,463.75,"2024-10-27 00:35:00"
3938978400,463.63,"2024-10-27 00:40:00"
3938978700,463.62,"2024-10-27 00:45:00"
3938979000,463.71000000000004,"2024-10-27 00:50:00"
3938979300,463.81,"2024-10-27 00:55:00"
3938979600,463.69,"2024-10-27 01:00:00"
3938979900,463.64,"2024-10-27 01:05:00"
3938980200,463.63,"2024-10-27 01:10:00"
3938980500,463.61,"2024-10-27 01:15:00"
3938980800,463.39,"2024-10-27 01:20:00"
3938981100,463.14,"2024-10-27 01:25:00"
3938981400,463.12,"2024-10-27 01:30:00"
3938981700,462.77,"2024-10-27 01:35:00"
3938982000,462.41,"2024-10-27 01:40:00"
3938982300,462.12,"2024-10-27 01:45:00"
3938982600,461.90000000000003,"2024-10-27 01:50:00"
3938982900,461.69,"2024-10-27 01:55:00"
3938983200,461.28000000000003,"2024-10-27 02:00:00"
3938983500,460.84000000000003,"2024-10-27 02:05:00"
3938983800,460.57,"2024-10-27 02:10:00"
3938984100,460.35,"2024-10-27 02:15:00"
3938984400,460.23,"2024-10-27 02:20:00"
3938984700,460.21000000000004,"2024-10-27 02:25:00"
3938985000,460.16,"2024-10-27 02:30:00"
3938985300,460.02,"2024-10-27 02:35:00"
3938985600,459.86,"2024-10-27 02:40:00"
3938985900,459.78000000000003,"2024-10-27 02:45:00"
3938986200,459.78000000000003,"2024-10-27 02:50:00"
3938986500,459.6,"2024-10-27 02:55:00"
3938986800,459.39,"2024-10-27 03:00:00"
3938987100,459.17,"2024-10-27 03:05:00"
3938987400,458.84000000000003,"2024-10-27 03:10:00"
3938987700,458.40000000000003,"2024-10-27 03:15:00"
3938988000,458.08,"2024-10-27 03:20:00"
3938988300,457.57,"2024-10-27 03:25:00"
3938988600,457.1,"2024-10-27 03:30:00"
3938988900,456.78000000000003,"2024-10-27 03:35:00"
3938989200,456.52,"2024-10-27 03:40:00"
3938989500,456.07,"2024-10-27 03:45:00"
3938989800,455.75,"2024-10-27 03:50:00"
3938990100,455.47,"2024-10-27 03:55:00"
3938990400,455.23,"2024-10-27 04:00:00"
3938990700,455.15000000000003,"2024-10-27 04:05:00"
3938991000,455.08,"2024-10-27 04:10:00"
3938991300,454.83,"2024-10-27 04:15:00"
3938991600,454.73,"2024-10-27 04:20:00"
3938991900,454.74,"2024-10-27 04:25:00"
3938992200,454.72,"2024-10-27 04:30:00"
3938992500,454.68,"2024-10-27 04:35:00"
3938992800,454.7,"2024-10-27 04:40:00"
3938993100,454.8,"2024-10-27 04:45:00"
3938993400,455.39,"2024-10-27 04:50:00"
3938993700,456.13,"2024-10-27 04:55:00"
3938994000,456.04,"2024-10-27 05:00:00"
3938994300,455.92,"2024-10-27 05:05:00"
3938994600,455.96000000000004,"2024-10-27 05:10:00"
3938994900,455.97,"2024-10-27 05:15:00"
3938995200,455.90000000000003,"2024-10-27 05:20:00"
3938995500,455.73,"2024-10-27 05:25:00"
3938995800,455.64,"2024-10-27 05:30:00"
3938996100,455.28000000000003,"2024-10-27 05:35:00"
3938996400,455.2,"2024-10-27 05:40:00"
3938996700,455.99,"2024-10-27 05:45:00"
3938997000,456.79,"2024-10-27 05:50:00"
3938997300,457.62,"2024-10-27 05:55:00"
3938997600,466.77,"2024-10-27 06:00:00"
3938997900,478.71000000000004,"2024-10-27 06:05:00"
3938998200,470.94,"2024-10-27 06:10:00"
3938998500,470.5,"2024-10-27 06:15:00"
3938998800,471.51,"2024-10-27 06:20:00"
3938999100,473.11,"2024-10-27 06:25:00"
3938999400,486.34000000000003,"2024-10-27 06:30:00"
3938999700,481.99,"2024-10-27 06:35:00"
3939000000,481.91,"2024-10-27 06:40:00"
3939000300,481.97,"2024-10-27 06:45:00"
3939000600,477.33,"2024-10-27 06:50:00"
3939000900,471.76,"2024-10-27 06:55:00"
3939001200,469.26,"2024-10-27 07:00:00"
3939001500,468.3,"2024-10-27 07:05:00"
3939001800,468.76,"2024-10-27 07:10:00"
3939002100,466.22,"2024-10-27 07:15:00"
3939002400,464.1,"2024-10-27 07:20:00"
3939002700,462.62,"2024-10-27 07:25:00"
3939003000,462.27,"2024-10-27 07:30:00"
3939003300,462.88,"2024-10-27 07:35:00"
3939003600,461.29,"2024-10-27 07:40:00"
3939003900,460.58,"2024-10-27 07:45:00"
3939004200,461.09000000000003,"2024-10-27 07:50:00"
3939004500,458.54,"2024-10-27 07:55:00"
3939004800,454.84000000000003,"2024-10-27 08:00:00"
3939005100,447.79,"2024-10-27 08:05:00"
3939005400,443.2,"2024-10-27 08:10:00"
3939005700,441.45,"2024-10-27 08:15:00"
3939006000,438.93,"2024-10-27 08:20:00"
3939006300,437.43,"2024-10-27 08:25:00"
3939006600,438.07,"2024-10-27 08:30:00"
3939006900,438.23,"2024-10-27 08:35:00"
3939007200,438.54,"2024-10-27 08:40:00"
3939007500,438.32,"2024-10-27 08:45:00"
3939007800,436.79,"2024-10-27 08:50:00"
3939008100,436.67,"2024-10-27 08:55:00"
3939008400,435.77,"2024-10-27 09:00:00"
3939008700,436.71000000000004,"2024-10-27 09:05:00"
3939009000,436.89,"2024-10-27 09:10:00"
3939009300,436.57,"2024-10-27 09:15:00"
3939009600,436.33,"2024-10-27 09:20:00"
3939009900,436.3,"2024-10-27 09:25:00"
3939010200,434.95,"2024-10-27 09:30:00"
3939010500,434.77,"2024-10-27 09:35:00"
3939010800,434.59000000000003,"2024-10-27 09:40:00"
3939011100,434.13,"2024-10-27 09:45:00"
3939011400,434.14,"2024-10-27 09:50:00"
3939011700,434.32,"2024-10-27 09:55:00"
3939012000,434.98,"2024-10-27 10:00:00"
3939012300,434.48,"2024-10-27 10:05:00"
3939012600,433.49,"2024-10-27 10:10:00"
3939012900,432.77,"2024-10-27 10:15:00"
3939013200,432.28000000000003,"2024-10-27 10:20:00"
3939013500,430.66,"2024-10-27 10:25:00"
3939013800,431.2,"2024-10-27 10:30:00"
3939014100,431.67,"2024-10-27 10:35:00"
3939014400,432.87,"2024-10-27 10:40:00"
3939014700,433.06,"2024-10-27 10:45:00"
3939015000,433.37,"2024-10-27 10:50:00"
3939015300,432.49,"2024-10-27 10:55:00"
3939015600,430.93,"2024-10-27 11:00:00"
3939015900,430.78000000000003,"2024-10-27 11:05:00"
3939016200,430.49,"2024-10-27 11:10:00"
3939016500,429.95,"2024-10-27 11:15:00"
3939016800,430.03000000000003,"2024-10-27 11:20:00"
3939017100,429.59000000000003,"2024-10-27 11:25:00"
3939017400,430.08,"2024-10-27 11:30:00"
3939017700,429.72,"2024-10-27 11:35:00"
3939018000,429.1,"2024-10-27 11:40:00"
3939018300,431.08,"2024-10-27 11:45:00"
3939018600,429.90000000000003,"2024-10-27 11:50:00"
3939018900,429.71000000000004,"2024-10-27 11:55:00"
3939019200,428.90000000000003,"2024-10-27 12:00:00"
3939019500,428.5,"2024-10-27 12:05:00"
3939019800,428.63,"2024-10-27 12:10:00"
3939020100,429.15000000000003,"2024-10-27 12:15:00"
3939020400,429.2,"2024-10-27 12:20:00"
3939020700,429.94,"2024-10-27 12:25:00"
3939021000,430.32,"2024-10-27 12:30:00"
3939021300,430.03000000000003,"2024-10-27 12:35:00"
3939021600,431.5,"2024-10-27 12:40:00"
3939021900,431.01,"2024-10-27 12:45:00"
3939022200,429.35,"2024-10-27 12:50:00"
3939022500,429.82,"2024-10-27 12:55:00"
3939022800,429.8,"2024-10-27 13:00:00"
3939023100,430.05,"2024-10-27 13:05:00"
3939023400,429.8,"2024-10-27 13:10:00"
3939023700,429.58,"2024-10-27 13:15:00"
3939024000,429.63,"2024-10-27 13:20:00"
3939024300,429.29,"2024-10-27 13:25:00"
3939024600,429.87,"2024-10-27 13:30:00"
3939024900,430.63,"2024-10-27 13:35:00"
3939025200,432.24,"2024-10-27 13:40:00"
3939025500,432.67,"2024-10-27 13:45:00"
3939025800,432.35,"2024-10-27 13:50:00"
3939026100,432.13,"2024-10-27 13:55:00"
3939026400,431.28000000000003,"2024-10-27 14:00:00"
3939026700,431.25,"2024-10-27 14:05:00"
3939027000,431.22,"2024-10-27 14:10:00"
3939027300,431.67,"2024-10-27 14:15:00"
3939027600,431.53000000000003,"2024-10-27 14:20:00"
3939027900,431.91,"2024-10-27 14:25:00"
3939028200,432.63,"2024-10-27 14:30:00"
3939028500,432.67,"2024-10-27 14:35:00"
3939028800,433.39,"2024-10-27 14:40:00"
3939029100,433.91,"2024-10-27 14:45:00"
3939029400,437.07,"2024-10-27 14:50:00"
3939029700,437.75,"2024-10-27 14:55:00"
3939030000,437.76,"2024-10-27 15:00:00"
3939030300,436.96000000000004,"2024-10-27 15:05:00"
3939030600,435.82,"2024-10-27 15:10:00"
3939030900,436.16,"2024-10-27 15:15:00"
3939031200,436.78000000000003,"2024-10-27 15:20:00"
3939031500,436.90000000000003,"2024-10-27 15:25:00"
3939031800,438.57,"2024-10-27 15:30:00"
3939032100,441.73,"2024-10-27 15:35:00"
3939032400,447.17,"2024-10-27 15:40:00"
3939032700,446.21000000000004,"2024-10-27 15:45:00"
3939033000,443.77,"2024-10-27 15:50:00"
3939033300,443.49,"2024-10-27 15:55:00"
3939033600,447.16,"2024-10-27 16:00:00"
3939033900,449.45,"2024-10-27 16:05:00"
3939034200,450.37,"2024-10-27 16:10:00"
3939034500,449.41,"2024-10-27 16:15:00"
3939034800,446.8,"2024-10-27 16:20:00"
3939035100,445.52,"2024-10-27 16:25:00"
3939035400,448.3,"2024-10-27 16:30:00"
3939035700,451.69,"2024-10-27 16:35:00"
3939036000,451.2,"2024-10-27 16:40:00"
3939036300,448.45,"2024-10-27 16:45:00"
3939036600,448.28000000000003,"2024-10-27 16:50:00"
3939036900,448.24,"2024-10-27 16:55:00"
3939037200,450.58,"2024-10-27 17:00:00"
3939037500,455.13,"2024-10-27 17:05:00"
3939037800,456.56,"2024-10-27 17:10:00"
3939038100,457.76,"2024-10-27 17:15:00"
3939038400,458.3,"2024-10-27 17:20:00"
3939038700,458.5,"2024-10-27 17:25:00"
3939039000,458.65000000000003,"2024-10-27 17:30:00"
3939039300,459.38,"2024-10-27 17:35:00"
3939039600,460.11,"2024-10-27 17:40:00"
3939039900,461.27,"2024-10-27 17:45:00"
3939040200,460.91,"2024-10-27 17:50:00"
3939040500,459.34000000000003,"2024-10-27 17:55:00"
3939040800,458.43,"2024-10-27 18:00:00"
3939041100,458.48,"2024-10-27 18:05:00"
3939041400,458.44,"2024-10-27 18:10:00"
3939041700,458.76,"2024-10-27 18:15:00"
3939042000,459.07,"2024-10-27 18:20:00"
3939042300,459.55,"2024-10-27 18:25:00"
3939042600,460.76,"2024-10-27 18:30:00"
3939042900,460.32,"2024-10-27 18:35:00"
3939043200,460.41,"2024-10-27 18:40:00"
3939043500,460.61,"2024-10-27 18:45:00"
3939043800,460.42,"2024-10-27 18:50:00"
3939044100,461.28000000000003,"2024-10-27 18:55:00"
3939044400,462.16,"2024-10-27 19:00:00"
3939044700,463.53000000000003,"2024-10-27 19:05:00"
3939045000,462.17,"2024-10-27 19:10:00"
3939045300,460.64,"2024-10-27 19:15:00"
3939045600,460.76,"2024-10-27 19:20:00"
3939045900,461.58,"2024-10-27 19:25:00"
3939046200,462.33,"2024-10-27 19:30:00"
3939046500,462.83,"2024-10-27 19:35:00"
3939046800,463.43,"2024-10-27 19:40:00"
3939047100,463.35,"2024-10-27 19:45:00"
3939047400,464.29,"2024-10-27 19:50:00"
3939047700,464.55,"2024-10-27 19:55:00"
3939048000,463.86,"2024-10-27 20:00:00"
3939048300,463.46000000000004,"2024-10-27 20:05:00"
3939048600,461.16,"2024-10-27 20:10:00"
3939048900,459.66,"2024-10-27 20:15:00"
3939049200,458.73,"2024-10-27 20:20:00"
3939049500,457.78000000000003,"2024-10-27 20:25:00"
3939049800,457.34000000000003,"2024-10-27 20:30:00"
3939050100,456.90000000000003,"2024-10-27 20:35:00"
3939050400,456.74,"2024-10-27 20:40:00"
3939050700,456.5,"2024-10-27 20:45:00"
3939051000,456.40000000000003,"2024-10-27 20:50:00"
3939051300,456.1,"2024-10-27 20:55:00"
3939051600,455.37,"2024-10-27 21:00:00"
3939051900,455.02,"2024-10-27 21:05:00"
3939052200,454.17,"2024-10-27 21:10:00"
3939052500,453.48,"2024-10-27 21:15:00"
3939052800,452.94,"2024-10-27 21:20:00"
3939053100,452.65000000000003,"2024-10-27 21:25:00"
3939053400,452.06,"2024-10-27 21:30:00"
3939053700,451.08,"2024-10-27 21:35:00"
3939054000,450.7,"2024-10-27 21:40:00"
3939054300,450.29,"2024-10-27 21:45:00"
3939054600,449.5,"2024-10-27 21:50:00"
3939054900,449.15000000000003,"2024-10-27 21:55:00"
3939055200,445.95,"2024-10-27 22:00:00"
3939055500,442.90000000000003,"2024-10-27 22:05:00"
3939055800,442.03000000000003,"2024-10-27 22:10:00"
3939056100,441.87,"2024-10-27 22:15:00"
3939056400,441.55,"2024-10-27 22:20:00"
3939056700,441.41,"2024-10-27 22:25:00"
3939057000,441.5,"2024-10-27 22:30:00"
3939057300,441.23,"2024-10-27 22:35:00"
3939057600,441.40000000000003,"2024-10-27 22:40:00"
3939057900,442.04,"2024-10-27 22:45:00"
3939058200,442.59000000000003,"2024-10-27 22:50:00"
3939058500,442.59000000000003,"2024-10-27 22:55:00"
